X,Y,Value
73.99704168,31.71444618,
74.00703993,31.71444618,
74.01703818,31.71444618,
74.02703643,31.71444618,
74.03703468,31.71444618,
74.04703293,31.71444618,
74.05703117,31.71444618,
74.06702942,31.71444618,
74.07702767,31.71444618,
74.08702592,31.71444618,
74.09702417,31.71444618,
74.10702242,31.71444618,
74.11702067,31.71444618,
74.12701892,31.71444618,
74.13701717,31.71444618,
74.14701542,31.71444618,
74.15701367,31.71444618,
74.16701191,31.71444618,
74.17701016,31.71444618,
74.18700841,31.71444618,
74.19700666,31.71444618,
74.20700491,31.71444618,
74.21700316,31.71444618,
74.22700141,31.71444618,
74.23699966,31.71444618,
74.24699791,31.71444618,
74.25699616,31.71444618,
74.26699441,31.71444618,
74.27699265,31.71444618,
74.2869909,31.71444618,
74.29698915,31.71444618,
74.3069874,31.71444618,
74.31698565,31.71444618,
74.3269839,31.71444618,
74.33698215,31.71444618,
74.3469804,31.71444618,
74.35697865,31.71444618,
74.3669769,31.71444618,
74.37697515,31.71444618,
74.3869734,31.71444618,
74.39697164,31.71444618,
74.40696989,31.71444618,
74.41696814,31.71444618,
74.42696639,31.71444618,
74.43696464,31.71444618,
74.44696289,31.71444618,
74.45696114,31.71444618,
74.46695939,31.71444618,
74.47695764,31.71444618,4.41E-05
74.48695589,31.71444618,4.31E-05
74.49695414,31.71444618,4.39E-05
74.50695238,31.71444618,
74.51695063,31.71444618,
74.52694888,31.71444618,
74.53694713,31.71444618,
74.54694538,31.71444618,
74.55694363,31.71444618,
74.56694188,31.71444618,
74.57694013,31.71444618,
74.58693838,31.71444618,
74.59693663,31.71444618,
74.60693488,31.71444618,
74.61693312,31.71444618,
74.62693137,31.71444618,
74.63692962,31.71444618,
74.64692787,31.71444618,
73.99704168,31.70444793,
74.00703993,31.70444793,
74.01703818,31.70444793,
74.02703643,31.70444793,
74.03703468,31.70444793,
74.04703293,31.70444793,
74.05703117,31.70444793,
74.06702942,31.70444793,
74.07702767,31.70444793,
74.08702592,31.70444793,
74.09702417,31.70444793,
74.10702242,31.70444793,
74.11702067,31.70444793,
74.12701892,31.70444793,
74.13701717,31.70444793,
74.14701542,31.70444793,
74.15701367,31.70444793,
74.16701191,31.70444793,
74.17701016,31.70444793,
74.18700841,31.70444793,
74.19700666,31.70444793,
74.20700491,31.70444793,
74.21700316,31.70444793,
74.22700141,31.70444793,
74.23699966,31.70444793,
74.24699791,31.70444793,
74.25699616,31.70444793,
74.26699441,31.70444793,
74.27699265,31.70444793,
74.2869909,31.70444793,
74.29698915,31.70444793,
74.3069874,31.70444793,
74.31698565,31.70444793,
74.3269839,31.70444793,
74.33698215,31.70444793,
74.3469804,31.70444793,
74.35697865,31.70444793,
74.3669769,31.70444793,
74.37697515,31.70444793,
74.3869734,31.70444793,
74.39697164,31.70444793,
74.40696989,31.70444793,
74.41696814,31.70444793,
74.42696639,31.70444793,
74.43696464,31.70444793,
74.44696289,31.70444793,
74.45696114,31.70444793,4.40E-05
74.46695939,31.70444793,4.31E-05
74.47695764,31.70444793,4.31E-05
74.48695589,31.70444793,4.31E-05
74.49695414,31.70444793,4.34E-05
74.50695238,31.70444793,
74.51695063,31.70444793,
74.52694888,31.70444793,
74.53694713,31.70444793,
74.54694538,31.70444793,
74.55694363,31.70444793,
74.56694188,31.70444793,
74.57694013,31.70444793,
74.58693838,31.70444793,
74.59693663,31.70444793,
74.60693488,31.70444793,
74.61693312,31.70444793,
74.62693137,31.70444793,
74.63692962,31.70444793,
74.64692787,31.70444793,
73.99704168,31.69444969,
74.00703993,31.69444969,
74.01703818,31.69444969,
74.02703643,31.69444969,
74.03703468,31.69444969,
74.04703293,31.69444969,
74.05703117,31.69444969,
74.06702942,31.69444969,
74.07702767,31.69444969,
74.08702592,31.69444969,
74.09702417,31.69444969,
74.10702242,31.69444969,
74.11702067,31.69444969,
74.12701892,31.69444969,
74.13701717,31.69444969,
74.14701542,31.69444969,
74.15701367,31.69444969,
74.16701191,31.69444969,
74.17701016,31.69444969,
74.18700841,31.69444969,
74.19700666,31.69444969,
74.20700491,31.69444969,
74.21700316,31.69444969,
74.22700141,31.69444969,
74.23699966,31.69444969,
74.24699791,31.69444969,
74.25699616,31.69444969,
74.26699441,31.69444969,
74.27699265,31.69444969,
74.2869909,31.69444969,
74.29698915,31.69444969,
74.3069874,31.69444969,
74.31698565,31.69444969,
74.3269839,31.69444969,
74.33698215,31.69444969,
74.3469804,31.69444969,
74.35697865,31.69444969,
74.3669769,31.69444969,
74.37697515,31.69444969,
74.3869734,31.69444969,
74.39697164,31.69444969,
74.40696989,31.69444969,
74.41696814,31.69444969,
74.42696639,31.69444969,
74.43696464,31.69444969,4.39E-05
74.44696289,31.69444969,4.31E-05
74.45696114,31.69444969,4.31E-05
74.46695939,31.69444969,4.31E-05
74.47695764,31.69444969,4.31E-05
74.48695589,31.69444969,4.31E-05
74.49695414,31.69444969,4.31E-05
74.50695238,31.69444969,4.52E-05
74.51695063,31.69444969,4.56E-05
74.52694888,31.69444969,
74.53694713,31.69444969,
74.54694538,31.69444969,
74.55694363,31.69444969,
74.56694188,31.69444969,
74.57694013,31.69444969,
74.58693838,31.69444969,
74.59693663,31.69444969,
74.60693488,31.69444969,
74.61693312,31.69444969,
74.62693137,31.69444969,
74.63692962,31.69444969,
74.64692787,31.69444969,
73.99704168,31.68445144,
74.00703993,31.68445144,
74.01703818,31.68445144,
74.02703643,31.68445144,
74.03703468,31.68445144,
74.04703293,31.68445144,
74.05703117,31.68445144,
74.06702942,31.68445144,
74.07702767,31.68445144,
74.08702592,31.68445144,
74.09702417,31.68445144,
74.10702242,31.68445144,
74.11702067,31.68445144,
74.12701892,31.68445144,
74.13701717,31.68445144,
74.14701542,31.68445144,
74.15701367,31.68445144,
74.16701191,31.68445144,
74.17701016,31.68445144,
74.18700841,31.68445144,
74.19700666,31.68445144,
74.20700491,31.68445144,
74.21700316,31.68445144,
74.22700141,31.68445144,
74.23699966,31.68445144,
74.24699791,31.68445144,
74.25699616,31.68445144,
74.26699441,31.68445144,
74.27699265,31.68445144,
74.2869909,31.68445144,
74.29698915,31.68445144,
74.3069874,31.68445144,
74.31698565,31.68445144,
74.3269839,31.68445144,
74.33698215,31.68445144,
74.3469804,31.68445144,
74.35697865,31.68445144,
74.3669769,31.68445144,
74.37697515,31.68445144,
74.3869734,31.68445144,
74.39697164,31.68445144,
74.40696989,31.68445144,
74.41696814,31.68445144,
74.42696639,31.68445144,
74.43696464,31.68445144,4.22E-05
74.44696289,31.68445144,4.22E-05
74.45696114,31.68445144,4.22E-05
74.46695939,31.68445144,4.22E-05
74.47695764,31.68445144,4.22E-05
74.48695589,31.68445144,4.23E-05
74.49695414,31.68445144,4.23E-05
74.50695238,31.68445144,4.38E-05
74.51695063,31.68445144,4.47E-05
74.52694888,31.68445144,4.47E-05
74.53694713,31.68445144,
74.54694538,31.68445144,
74.55694363,31.68445144,
74.56694188,31.68445144,
74.57694013,31.68445144,
74.58693838,31.68445144,
74.59693663,31.68445144,
74.60693488,31.68445144,
74.61693312,31.68445144,
74.62693137,31.68445144,
74.63692962,31.68445144,
74.64692787,31.68445144,
73.99704168,31.67445319,
74.00703993,31.67445319,
74.01703818,31.67445319,
74.02703643,31.67445319,
74.03703468,31.67445319,
74.04703293,31.67445319,
74.05703117,31.67445319,
74.06702942,31.67445319,
74.07702767,31.67445319,
74.08702592,31.67445319,
74.09702417,31.67445319,
74.10702242,31.67445319,
74.11702067,31.67445319,
74.12701892,31.67445319,
74.13701717,31.67445319,
74.14701542,31.67445319,
74.15701367,31.67445319,
74.16701191,31.67445319,
74.17701016,31.67445319,
74.18700841,31.67445319,
74.19700666,31.67445319,
74.20700491,31.67445319,
74.21700316,31.67445319,
74.22700141,31.67445319,
74.23699966,31.67445319,
74.24699791,31.67445319,
74.25699616,31.67445319,
74.26699441,31.67445319,
74.27699265,31.67445319,4.36E-05
74.2869909,31.67445319,4.36E-05
74.29698915,31.67445319,4.36E-05
74.3069874,31.67445319,4.36E-05
74.31698565,31.67445319,
74.3269839,31.67445319,
74.33698215,31.67445319,
74.3469804,31.67445319,
74.35697865,31.67445319,4.23E-05
74.3669769,31.67445319,4.23E-05
74.37697515,31.67445319,3.84E-05
74.3869734,31.67445319,
74.39697164,31.67445319,
74.40696989,31.67445319,
74.41696814,31.67445319,
74.42696639,31.67445319,3.98E-05
74.43696464,31.67445319,3.98E-05
74.44696289,31.67445319,3.98E-05
74.45696114,31.67445319,3.98E-05
74.46695939,31.67445319,3.98E-05
74.47695764,31.67445319,3.98E-05
74.48695589,31.67445319,3.98E-05
74.49695414,31.67445319,3.98E-05
74.50695238,31.67445319,4.05E-05
74.51695063,31.67445319,4.17E-05
74.52694888,31.67445319,4.17E-05
74.53694713,31.67445319,
74.54694538,31.67445319,
74.55694363,31.67445319,
74.56694188,31.67445319,
74.57694013,31.67445319,
74.58693838,31.67445319,
74.59693663,31.67445319,
74.60693488,31.67445319,
74.61693312,31.67445319,
74.62693137,31.67445319,
74.63692962,31.67445319,
74.64692787,31.67445319,
73.99704168,31.66445494,
74.00703993,31.66445494,
74.01703818,31.66445494,
74.02703643,31.66445494,
74.03703468,31.66445494,
74.04703293,31.66445494,
74.05703117,31.66445494,
74.06702942,31.66445494,
74.07702767,31.66445494,
74.08702592,31.66445494,
74.09702417,31.66445494,
74.10702242,31.66445494,
74.11702067,31.66445494,
74.12701892,31.66445494,
74.13701717,31.66445494,
74.14701542,31.66445494,
74.15701367,31.66445494,
74.16701191,31.66445494,
74.17701016,31.66445494,
74.18700841,31.66445494,
74.19700666,31.66445494,
74.20700491,31.66445494,
74.21700316,31.66445494,
74.22700141,31.66445494,
74.23699966,31.66445494,
74.24699791,31.66445494,
74.25699616,31.66445494,
74.26699441,31.66445494,
74.27699265,31.66445494,4.36E-05
74.2869909,31.66445494,4.36E-05
74.29698915,31.66445494,4.36E-05
74.3069874,31.66445494,4.36E-05
74.31698565,31.66445494,
74.3269839,31.66445494,
74.33698215,31.66445494,
74.3469804,31.66445494,4.23E-05
74.35697865,31.66445494,4.23E-05
74.3669769,31.66445494,4.27E-05
74.37697515,31.66445494,4.05E-05
74.3869734,31.66445494,3.67E-05
74.39697164,31.66445494,
74.40696989,31.66445494,
74.41696814,31.66445494,3.67E-05
74.42696639,31.66445494,3.90E-05
74.43696464,31.66445494,3.98E-05
74.44696289,31.66445494,3.98E-05
74.45696114,31.66445494,3.98E-05
74.46695939,31.66445494,3.98E-05
74.47695764,31.66445494,3.98E-05
74.48695589,31.66445494,3.98E-05
74.49695414,31.66445494,3.98E-05
74.50695238,31.66445494,4.03E-05
74.51695063,31.66445494,4.25E-05
74.52694888,31.66445494,4.55E-05
74.53694713,31.66445494,4.74E-05
74.54694538,31.66445494,
74.55694363,31.66445494,
74.56694188,31.66445494,
74.57694013,31.66445494,
74.58693838,31.66445494,
74.59693663,31.66445494,
74.60693488,31.66445494,
74.61693312,31.66445494,
74.62693137,31.66445494,
74.63692962,31.66445494,
74.64692787,31.66445494,
73.99704168,31.65445669,
74.00703993,31.65445669,
74.01703818,31.65445669,
74.02703643,31.65445669,
74.03703468,31.65445669,
74.04703293,31.65445669,
74.05703117,31.65445669,
74.06702942,31.65445669,
74.07702767,31.65445669,
74.08702592,31.65445669,
74.09702417,31.65445669,
74.10702242,31.65445669,
74.11702067,31.65445669,
74.12701892,31.65445669,
74.13701717,31.65445669,
74.14701542,31.65445669,
74.15701367,31.65445669,
74.16701191,31.65445669,
74.17701016,31.65445669,
74.18700841,31.65445669,
74.19700666,31.65445669,
74.20700491,31.65445669,
74.21700316,31.65445669,
74.22700141,31.65445669,
74.23699966,31.65445669,
74.24699791,31.65445669,
74.25699616,31.65445669,
74.26699441,31.65445669,4.36E-05
74.27699265,31.65445669,4.36E-05
74.2869909,31.65445669,4.36E-05
74.29698915,31.65445669,4.36E-05
74.3069874,31.65445669,4.36E-05
74.31698565,31.65445669,4.36E-05
74.3269839,31.65445669,4.36E-05
74.33698215,31.65445669,4.32E-05
74.3469804,31.65445669,4.28E-05
74.35697865,31.65445669,4.34E-05
74.3669769,31.65445669,4.34E-05
74.37697515,31.65445669,4.17E-05
74.3869734,31.65445669,3.67E-05
74.39697164,31.65445669,3.67E-05
74.40696989,31.65445669,3.67E-05
74.41696814,31.65445669,3.67E-05
74.42696639,31.65445669,3.76E-05
74.43696464,31.65445669,3.98E-05
74.44696289,31.65445669,3.98E-05
74.45696114,31.65445669,3.98E-05
74.46695939,31.65445669,3.98E-05
74.47695764,31.65445669,3.98E-05
74.48695589,31.65445669,3.98E-05
74.49695414,31.65445669,3.98E-05
74.50695238,31.65445669,4.01E-05
74.51695063,31.65445669,4.31E-05
74.52694888,31.65445669,4.75E-05
74.53694713,31.65445669,4.75E-05
74.54694538,31.65445669,
74.55694363,31.65445669,
74.56694188,31.65445669,
74.57694013,31.65445669,
74.58693838,31.65445669,
74.59693663,31.65445669,
74.60693488,31.65445669,
74.61693312,31.65445669,
74.62693137,31.65445669,
74.63692962,31.65445669,
74.64692787,31.65445669,
73.99704168,31.64445844,
74.00703993,31.64445844,
74.01703818,31.64445844,
74.02703643,31.64445844,
74.03703468,31.64445844,
74.04703293,31.64445844,
74.05703117,31.64445844,
74.06702942,31.64445844,
74.07702767,31.64445844,
74.08702592,31.64445844,
74.09702417,31.64445844,
74.10702242,31.64445844,
74.11702067,31.64445844,
74.12701892,31.64445844,
74.13701717,31.64445844,
74.14701542,31.64445844,
74.15701367,31.64445844,
74.16701191,31.64445844,
74.17701016,31.64445844,
74.18700841,31.64445844,
74.19700666,31.64445844,
74.20700491,31.64445844,
74.21700316,31.64445844,
74.22700141,31.64445844,
74.23699966,31.64445844,
74.24699791,31.64445844,
74.25699616,31.64445844,
74.26699441,31.64445844,4.36E-05
74.27699265,31.64445844,4.36E-05
74.2869909,31.64445844,4.36E-05
74.29698915,31.64445844,4.36E-05
74.3069874,31.64445844,4.36E-05
74.31698565,31.64445844,4.37E-05
74.3269839,31.64445844,4.65E-05
74.33698215,31.64445844,4.98E-05
74.3469804,31.64445844,4.38E-05
74.35697865,31.64445844,4.34E-05
74.3669769,31.64445844,4.34E-05
74.37697515,31.64445844,4.27E-05
74.3869734,31.64445844,3.67E-05
74.39697164,31.64445844,3.67E-05
74.40696989,31.64445844,3.67E-05
74.41696814,31.64445844,3.67E-05
74.42696639,31.64445844,3.67E-05
74.43696464,31.64445844,3.95E-05
74.44696289,31.64445844,3.98E-05
74.45696114,31.64445844,3.98E-05
74.46695939,31.64445844,3.98E-05
74.47695764,31.64445844,3.99E-05
74.48695589,31.64445844,3.99E-05
74.49695414,31.64445844,4.00E-05
74.50695238,31.64445844,4.00E-05
74.51695063,31.64445844,4.12E-05
74.52694888,31.64445844,4.70E-05
74.53694713,31.64445844,4.75E-05
74.54694538,31.64445844,4.75E-05
74.55694363,31.64445844,
74.56694188,31.64445844,
74.57694013,31.64445844,
74.58693838,31.64445844,
74.59693663,31.64445844,
74.60693488,31.64445844,
74.61693312,31.64445844,
74.62693137,31.64445844,
74.63692962,31.64445844,
74.64692787,31.64445844,
73.99704168,31.63446019,
74.00703993,31.63446019,
74.01703818,31.63446019,
74.02703643,31.63446019,
74.03703468,31.63446019,
74.04703293,31.63446019,
74.05703117,31.63446019,
74.06702942,31.63446019,
74.07702767,31.63446019,
74.08702592,31.63446019,
74.09702417,31.63446019,
74.10702242,31.63446019,
74.11702067,31.63446019,
74.12701892,31.63446019,
74.13701717,31.63446019,
74.14701542,31.63446019,
74.15701367,31.63446019,
74.16701191,31.63446019,
74.17701016,31.63446019,
74.18700841,31.63446019,
74.19700666,31.63446019,
74.20700491,31.63446019,
74.21700316,31.63446019,
74.22700141,31.63446019,
74.23699966,31.63446019,
74.24699791,31.63446019,
74.25699616,31.63446019,
74.26699441,31.63446019,4.36E-05
74.27699265,31.63446019,4.36E-05
74.2869909,31.63446019,4.36E-05
74.29698915,31.63446019,4.38E-05
74.3069874,31.63446019,4.68E-05
74.31698565,31.63446019,4.99E-05
74.3269839,31.63446019,5.02E-05
74.33698215,31.63446019,5.02E-05
74.3469804,31.63446019,4.71E-05
74.35697865,31.63446019,4.34E-05
74.3669769,31.63446019,4.34E-05
74.37697515,31.63446019,4.34E-05
74.3869734,31.63446019,3.70E-05
74.39697164,31.63446019,3.67E-05
74.40696989,31.63446019,3.67E-05
74.41696814,31.63446019,3.67E-05
74.42696639,31.63446019,3.67E-05
74.43696464,31.63446019,3.78E-05
74.44696289,31.63446019,3.98E-05
74.45696114,31.63446019,3.99E-05
74.46695939,31.63446019,3.99E-05
74.47695764,31.63446019,4.00E-05
74.48695589,31.63446019,4.00E-05
74.49695414,31.63446019,4.00E-05
74.50695238,31.63446019,4.00E-05
74.51695063,31.63446019,4.11E-05
74.52694888,31.63446019,4.37E-05
74.53694713,31.63446019,4.75E-05
74.54694538,31.63446019,4.75E-05
74.55694363,31.63446019,
74.56694188,31.63446019,
74.57694013,31.63446019,
74.58693838,31.63446019,
74.59693663,31.63446019,
74.60693488,31.63446019,
74.61693312,31.63446019,
74.62693137,31.63446019,
74.63692962,31.63446019,
74.64692787,31.63446019,
73.99704168,31.62446194,
74.00703993,31.62446194,
74.01703818,31.62446194,
74.02703643,31.62446194,
74.03703468,31.62446194,
74.04703293,31.62446194,
74.05703117,31.62446194,
74.06702942,31.62446194,
74.07702767,31.62446194,
74.08702592,31.62446194,
74.09702417,31.62446194,
74.10702242,31.62446194,
74.11702067,31.62446194,
74.12701892,31.62446194,
74.13701717,31.62446194,
74.14701542,31.62446194,
74.15701367,31.62446194,
74.16701191,31.62446194,
74.17701016,31.62446194,
74.18700841,31.62446194,
74.19700666,31.62446194,
74.20700491,31.62446194,
74.21700316,31.62446194,
74.22700141,31.62446194,
74.23699966,31.62446194,
74.24699791,31.62446194,
74.25699616,31.62446194,7.46E-05
74.26699441,31.62446194,4.57E-05
74.27699265,31.62446194,4.59E-05
74.2869909,31.62446194,4.90E-05
74.29698915,31.62446194,5.19E-05
74.3069874,31.62446194,5.20E-05
74.31698565,31.62446194,5.19E-05
74.3269839,31.62446194,5.18E-05
74.33698215,31.62446194,5.18E-05
74.3469804,31.62446194,5.15E-05
74.35697865,31.62446194,4.50E-05
74.3669769,31.62446194,4.47E-05
74.37697515,31.62446194,4.47E-05
74.3869734,31.62446194,3.89E-05
74.39697164,31.62446194,3.72E-05
74.40696989,31.62446194,3.71E-05
74.41696814,31.62446194,3.71E-05
74.42696639,31.62446194,3.71E-05
74.43696464,31.62446194,4.05E-05
74.44696289,31.62446194,4.08E-05
74.45696114,31.62446194,4.01E-05
74.46695939,31.62446194,4.01E-05
74.47695764,31.62446194,4.00E-05
74.48695589,31.62446194,4.00E-05
74.49695414,31.62446194,4.00E-05
74.50695238,31.62446194,4.00E-05
74.51695063,31.62446194,4.09E-05
74.52694888,31.62446194,4.13E-05
74.53694713,31.62446194,4.72E-05
74.54694538,31.62446194,4.75E-05
74.55694363,31.62446194,
74.56694188,31.62446194,
74.57694013,31.62446194,
74.58693838,31.62446194,
74.59693663,31.62446194,
74.60693488,31.62446194,
74.61693312,31.62446194,
74.62693137,31.62446194,
74.63692962,31.62446194,
74.64692787,31.62446194,
73.99704168,31.61446369,
74.00703993,31.61446369,
74.01703818,31.61446369,
74.02703643,31.61446369,
74.03703468,31.61446369,
74.04703293,31.61446369,
74.05703117,31.61446369,
74.06702942,31.61446369,
74.07702767,31.61446369,
74.08702592,31.61446369,
74.09702417,31.61446369,
74.10702242,31.61446369,
74.11702067,31.61446369,
74.12701892,31.61446369,
74.13701717,31.61446369,
74.14701542,31.61446369,
74.15701367,31.61446369,
74.16701191,31.61446369,
74.17701016,31.61446369,
74.18700841,31.61446369,
74.19700666,31.61446369,
74.20700491,31.61446369,
74.21700316,31.61446369,
74.22700141,31.61446369,
74.23699966,31.61446369,9.21E-05
74.24699791,31.61446369,9.21E-05
74.25699616,31.61446369,8.74E-05
74.26699441,31.61446369,7.42E-05
74.27699265,31.61446369,7.19E-05
74.2869909,31.61446369,7.21E-05
74.29698915,31.61446369,7.21E-05
74.3069874,31.61446369,7.21E-05
74.31698565,31.61446369,7.21E-05
74.3269839,31.61446369,7.21E-05
74.33698215,31.61446369,7.21E-05
74.3469804,31.61446369,7.21E-05
74.35697865,31.61446369,6.84E-05
74.3669769,31.61446369,6.53E-05
74.37697515,31.61446369,6.53E-05
74.3869734,31.61446369,5.46E-05
74.39697164,31.61446369,4.82E-05
74.40696989,31.61446369,4.84E-05
74.41696814,31.61446369,5.21E-05
74.42696639,31.61446369,5.69E-05
74.43696464,31.61446369,5.75E-05
74.44696289,31.61446369,5.47E-05
74.45696114,31.61446369,5.15E-05
74.46695939,31.61446369,5.15E-05
74.47695764,31.61446369,5.15E-05
74.48695589,31.61446369,5.15E-05
74.49695414,31.61446369,5.14E-05
74.50695238,31.61446369,5.14E-05
74.51695063,31.61446369,4.63E-05
74.52694888,31.61446369,4.21E-05
74.53694713,31.61446369,4.52E-05
74.54694538,31.61446369,4.83E-05
74.55694363,31.61446369,4.83E-05
74.56694188,31.61446369,4.87E-05
74.57694013,31.61446369,
74.58693838,31.61446369,
74.59693663,31.61446369,
74.60693488,31.61446369,
74.61693312,31.61446369,
74.62693137,31.61446369,
74.63692962,31.61446369,
74.64692787,31.61446369,
73.99704168,31.60446544,
74.00703993,31.60446544,
74.01703818,31.60446544,
74.02703643,31.60446544,
74.03703468,31.60446544,
74.04703293,31.60446544,
74.05703117,31.60446544,
74.06702942,31.60446544,
74.07702767,31.60446544,
74.08702592,31.60446544,
74.09702417,31.60446544,
74.10702242,31.60446544,
74.11702067,31.60446544,
74.12701892,31.60446544,
74.13701717,31.60446544,
74.14701542,31.60446544,
74.15701367,31.60446544,
74.16701191,31.60446544,
74.17701016,31.60446544,
74.18700841,31.60446544,
74.19700666,31.60446544,
74.20700491,31.60446544,
74.21700316,31.60446544,
74.22700141,31.60446544,
74.23699966,31.60446544,9.30E-05
74.24699791,31.60446544,0.000100205
74.25699616,31.60446544,0.000101762
74.26699441,31.60446544,8.77E-05
74.27699265,31.60446544,7.21E-05
74.2869909,31.60446544,7.21E-05
74.29698915,31.60446544,7.21E-05
74.3069874,31.60446544,7.21E-05
74.31698565,31.60446544,7.21E-05
74.3269839,31.60446544,7.21E-05
74.33698215,31.60446544,7.21E-05
74.3469804,31.60446544,7.21E-05
74.35697865,31.60446544,7.17E-05
74.3669769,31.60446544,6.54E-05
74.37697515,31.60446544,6.53E-05
74.3869734,31.60446544,5.76E-05
74.39697164,31.60446544,5.25E-05
74.40696989,31.60446544,5.70E-05
74.41696814,31.60446544,5.75E-05
74.42696639,31.60446544,5.75E-05
74.43696464,31.60446544,5.75E-05
74.44696289,31.60446544,5.73E-05
74.45696114,31.60446544,5.16E-05
74.46695939,31.60446544,5.15E-05
74.47695764,31.60446544,5.15E-05
74.48695589,31.60446544,5.15E-05
74.49695414,31.60446544,5.15E-05
74.50695238,31.60446544,5.15E-05
74.51695063,31.60446544,4.78E-05
74.52694888,31.60446544,4.21E-05
74.53694713,31.60446544,4.24E-05
74.54694538,31.60446544,4.87E-05
74.55694363,31.60446544,4.98E-05
74.56694188,31.60446544,4.99E-05
74.57694013,31.60446544,4.99E-05
74.58693838,31.60446544,
74.59693663,31.60446544,
74.60693488,31.60446544,
74.61693312,31.60446544,
74.62693137,31.60446544,
74.63692962,31.60446544,
74.64692787,31.60446544,
73.99704168,31.59446719,
74.00703993,31.59446719,
74.01703818,31.59446719,
74.02703643,31.59446719,
74.03703468,31.59446719,
74.04703293,31.59446719,
74.05703117,31.59446719,
74.06702942,31.59446719,
74.07702767,31.59446719,
74.08702592,31.59446719,
74.09702417,31.59446719,
74.10702242,31.59446719,
74.11702067,31.59446719,
74.12701892,31.59446719,
74.13701717,31.59446719,
74.14701542,31.59446719,
74.15701367,31.59446719,
74.16701191,31.59446719,
74.17701016,31.59446719,
74.18700841,31.59446719,
74.19700666,31.59446719,
74.20700491,31.59446719,
74.21700316,31.59446719,
74.22700141,31.59446719,
74.23699966,31.59446719,0.000105391
74.24699791,31.59446719,0.000105483
74.25699616,31.59446719,0.000103784
74.26699441,31.59446719,9.39E-05
74.27699265,31.59446719,7.40E-05
74.2869909,31.59446719,7.21E-05
74.29698915,31.59446719,7.21E-05
74.3069874,31.59446719,7.21E-05
74.31698565,31.59446719,7.21E-05
74.3269839,31.59446719,7.21E-05
74.33698215,31.59446719,7.21E-05
74.3469804,31.59446719,7.21E-05
74.35697865,31.59446719,7.21E-05
74.3669769,31.59446719,6.84E-05
74.37697515,31.59446719,7.00E-05
74.3869734,31.59446719,6.90E-05
74.39697164,31.59446719,5.75E-05
74.40696989,31.59446719,5.75E-05
74.41696814,31.59446719,5.75E-05
74.42696639,31.59446719,5.75E-05
74.43696464,31.59446719,5.75E-05
74.44696289,31.59446719,5.75E-05
74.45696114,31.59446719,5.41E-05
74.46695939,31.59446719,5.15E-05
74.47695764,31.59446719,5.15E-05
74.48695589,31.59446719,5.15E-05
74.49695414,31.59446719,5.15E-05
74.50695238,31.59446719,5.15E-05
74.51695063,31.59446719,4.94E-05
74.52694888,31.59446719,4.43E-05
74.53694713,31.59446719,4.80E-05
74.54694538,31.59446719,4.94E-05
74.55694363,31.59446719,4.99E-05
74.56694188,31.59446719,4.99E-05
74.57694013,31.59446719,4.99E-05
74.58693838,31.59446719,
74.59693663,31.59446719,
74.60693488,31.59446719,
74.61693312,31.59446719,
74.62693137,31.59446719,
74.63692962,31.59446719,
74.64692787,31.59446719,
73.99704168,31.58446895,
74.00703993,31.58446895,
74.01703818,31.58446895,
74.02703643,31.58446895,
74.03703468,31.58446895,
74.04703293,31.58446895,
74.05703117,31.58446895,
74.06702942,31.58446895,
74.07702767,31.58446895,
74.08702592,31.58446895,
74.09702417,31.58446895,
74.10702242,31.58446895,
74.11702067,31.58446895,
74.12701892,31.58446895,
74.13701717,31.58446895,
74.14701542,31.58446895,
74.15701367,31.58446895,
74.16701191,31.58446895,
74.17701016,31.58446895,
74.18700841,31.58446895,
74.19700666,31.58446895,
74.20700491,31.58446895,
74.21700316,31.58446895,
74.22700141,31.58446895,
74.23699966,31.58446895,0.000105483
74.24699791,31.58446895,0.000105483
74.25699616,31.58446895,0.000105403
74.26699441,31.58446895,9.43E-05
74.27699265,31.58446895,8.57E-05
74.2869909,31.58446895,7.21E-05
74.29698915,31.58446895,7.21E-05
74.3069874,31.58446895,7.21E-05
74.31698565,31.58446895,7.21E-05
74.3269839,31.58446895,7.21E-05
74.33698215,31.58446895,7.21E-05
74.3469804,31.58446895,7.26E-05
74.35697865,31.58446895,7.85E-05
74.3669769,31.58446895,8.26E-05
74.37697515,31.58446895,7.46E-05
74.3869734,31.58446895,7.21E-05
74.39697164,31.58446895,5.75E-05
74.40696989,31.58446895,5.75E-05
74.41696814,31.58446895,5.75E-05
74.42696639,31.58446895,5.75E-05
74.43696464,31.58446895,5.75E-05
74.44696289,31.58446895,5.75E-05
74.45696114,31.58446895,5.71E-05
74.46695939,31.58446895,5.16E-05
74.47695764,31.58446895,5.15E-05
74.48695589,31.58446895,5.15E-05
74.49695414,31.58446895,5.16E-05
74.50695238,31.58446895,5.40E-05
74.51695063,31.58446895,5.72E-05
74.52694888,31.58446895,4.86E-05
74.53694713,31.58446895,4.86E-05
74.54694538,31.58446895,4.87E-05
74.55694363,31.58446895,4.99E-05
74.56694188,31.58446895,4.99E-05
74.57694013,31.58446895,4.99E-05
74.58693838,31.58446895,4.99E-05
74.59693663,31.58446895,
74.60693488,31.58446895,
74.61693312,31.58446895,
74.62693137,31.58446895,
74.63692962,31.58446895,
74.64692787,31.58446895,
73.99704168,31.5744707,
74.00703993,31.5744707,
74.01703818,31.5744707,
74.02703643,31.5744707,
74.03703468,31.5744707,
74.04703293,31.5744707,
74.05703117,31.5744707,
74.06702942,31.5744707,
74.07702767,31.5744707,
74.08702592,31.5744707,
74.09702417,31.5744707,
74.10702242,31.5744707,
74.11702067,31.5744707,
74.12701892,31.5744707,
74.13701717,31.5744707,
74.14701542,31.5744707,
74.15701367,31.5744707,
74.16701191,31.5744707,
74.17701016,31.5744707,
74.18700841,31.5744707,
74.19700666,31.5744707,
74.20700491,31.5744707,
74.21700316,31.5744707,
74.22700141,31.5744707,
74.23699966,31.5744707,0.000105483
74.24699791,31.5744707,0.000105483
74.25699616,31.5744707,0.000105483
74.26699441,31.5744707,9.60E-05
74.27699265,31.5744707,9.37E-05
74.2869909,31.5744707,7.32E-05
74.29698915,31.5744707,7.21E-05
74.3069874,31.5744707,7.21E-05
74.31698565,31.5744707,7.21E-05
74.3269839,31.5744707,7.28E-05
74.33698215,31.5744707,7.90E-05
74.3469804,31.5744707,8.36E-05
74.35697865,31.5744707,8.38E-05
74.3669769,31.5744707,8.38E-05
74.37697515,31.5744707,7.70E-05
74.3869734,31.5744707,7.44E-05
74.39697164,31.5744707,5.79E-05
74.40696989,31.5744707,5.75E-05
74.41696814,31.5744707,5.75E-05
74.42696639,31.5744707,5.75E-05
74.43696464,31.5744707,5.75E-05
74.44696289,31.5744707,5.75E-05
74.45696114,31.5744707,5.75E-05
74.46695939,31.5744707,5.35E-05
74.47695764,31.5744707,5.16E-05
74.48695589,31.5744707,5.43E-05
74.49695414,31.5744707,5.76E-05
74.50695238,31.5744707,5.80E-05
74.51695063,31.5744707,5.80E-05
74.52694888,31.5744707,4.94E-05
74.53694713,31.5744707,4.86E-05
74.54694538,31.5744707,4.86E-05
74.55694363,31.5744707,4.96E-05
74.56694188,31.5744707,4.99E-05
74.57694013,31.5744707,4.99E-05
74.58693838,31.5744707,4.99E-05
74.59693663,31.5744707,4.99E-05
74.60693488,31.5744707,4.99E-05
74.61693312,31.5744707,
74.62693137,31.5744707,
74.63692962,31.5744707,
74.64692787,31.5744707,
73.99704168,31.56447245,
74.00703993,31.56447245,
74.01703818,31.56447245,
74.02703643,31.56447245,
74.03703468,31.56447245,
74.04703293,31.56447245,
74.05703117,31.56447245,
74.06702942,31.56447245,
74.07702767,31.56447245,
74.08702592,31.56447245,
74.09702417,31.56447245,
74.10702242,31.56447245,
74.11702067,31.56447245,
74.12701892,31.56447245,
74.13701717,31.56447245,
74.14701542,31.56447245,
74.15701367,31.56447245,
74.16701191,31.56447245,
74.17701016,31.56447245,
74.18700841,31.56447245,
74.19700666,31.56447245,
74.20700491,31.56447245,
74.21700316,31.56447245,
74.22700141,31.56447245,0.000105483
74.23699966,31.56447245,0.000105483
74.24699791,31.56447245,0.000105483
74.25699616,31.56447245,0.000105483
74.26699441,31.56447245,9.78E-05
74.27699265,31.56447245,9.40E-05
74.2869909,31.56447245,8.37E-05
74.29698915,31.56447245,7.21E-05
74.3069874,31.56447245,7.30E-05
74.31698565,31.56447245,7.94E-05
74.3269839,31.56447245,8.37E-05
74.33698215,31.56447245,8.38E-05
74.3469804,31.56447245,8.38E-05
74.35697865,31.56447245,8.38E-05
74.3669769,31.56447245,8.38E-05
74.37697515,31.56447245,8.12E-05
74.3869734,31.56447245,7.46E-05
74.39697164,31.56447245,6.04E-05
74.40696989,31.56447245,5.75E-05
74.41696814,31.56447245,5.75E-05
74.42696639,31.56447245,5.75E-05
74.43696464,31.56447245,5.75E-05
74.44696289,31.56447245,5.75E-05
74.45696114,31.56447245,5.74E-05
74.46695939,31.56447245,5.55E-05
74.47695764,31.56447245,5.77E-05
74.48695589,31.56447245,5.80E-05
74.49695414,31.56447245,5.80E-05
74.50695238,31.56447245,5.80E-05
74.51695063,31.56447245,5.80E-05
74.52694888,31.56447245,5.09E-05
74.53694713,31.56447245,4.86E-05
74.54694538,31.56447245,4.86E-05
74.55694363,31.56447245,4.90E-05
74.56694188,31.56447245,4.99E-05
74.57694013,31.56447245,4.99E-05
74.58693838,31.56447245,4.99E-05
74.59693663,31.56447245,4.99E-05
74.60693488,31.56447245,5.00E-05
74.61693312,31.56447245,
74.62693137,31.56447245,
74.63692962,31.56447245,
74.64692787,31.56447245,
73.99704168,31.5544742,
74.00703993,31.5544742,
74.01703818,31.5544742,
74.02703643,31.5544742,
74.03703468,31.5544742,
74.04703293,31.5544742,
74.05703117,31.5544742,
74.06702942,31.5544742,
74.07702767,31.5544742,
74.08702592,31.5544742,
74.09702417,31.5544742,
74.10702242,31.5544742,
74.11702067,31.5544742,
74.12701892,31.5544742,
74.13701717,31.5544742,
74.14701542,31.5544742,
74.15701367,31.5544742,
74.16701191,31.5544742,
74.17701016,31.5544742,
74.18700841,31.5544742,
74.19700666,31.5544742,
74.20700491,31.5544742,
74.21700316,31.5544742,0.00010003
74.22700141,31.5544742,0.000100044
74.23699966,31.5544742,0.000100059
74.24699791,31.5544742,0.000100073
74.25699616,31.5544742,0.000100088
74.26699441,31.5544742,0.000102921
74.27699265,31.5544742,0.000106121
74.2869909,31.5544742,0.000107195
74.29698915,31.5544742,9.34E-05
74.3069874,31.5544742,9.57E-05
74.31698565,31.5544742,9.57E-05
74.3269839,31.5544742,9.57E-05
74.33698215,31.5544742,9.56E-05
74.3469804,31.5544742,9.56E-05
74.35697865,31.5544742,9.55E-05
74.3669769,31.5544742,9.55E-05
74.37697515,31.5544742,9.54E-05
74.3869734,31.5544742,8.69E-05
74.39697164,31.5544742,6.67E-05
74.40696989,31.5544742,5.68E-05
74.41696814,31.5544742,5.68E-05
74.42696639,31.5544742,5.68E-05
74.43696464,31.5544742,5.67E-05
74.44696289,31.5544742,5.51E-05
74.45696114,31.5544742,5.36E-05
74.46695939,31.5544742,5.35E-05
74.47695764,31.5544742,5.64E-05
74.48695589,31.5544742,5.73E-05
74.49695414,31.5544742,5.73E-05
74.50695238,31.5544742,5.73E-05
74.51695063,31.5544742,5.73E-05
74.52694888,31.5544742,5.32E-05
74.53694713,31.5544742,5.06E-05
74.54694538,31.5544742,5.05E-05
74.55694363,31.5544742,5.05E-05
74.56694188,31.5544742,5.16E-05
74.57694013,31.5544742,5.18E-05
74.58693838,31.5544742,5.19E-05
74.59693663,31.5544742,5.52E-05
74.60693488,31.5544742,6.08E-05
74.61693312,31.5544742,6.17E-05
74.62693137,31.5544742,
74.63692962,31.5544742,
74.64692787,31.5544742,
73.99704168,31.54447595,
74.00703993,31.54447595,
74.01703818,31.54447595,
74.02703643,31.54447595,
74.03703468,31.54447595,
74.04703293,31.54447595,
74.05703117,31.54447595,
74.06702942,31.54447595,
74.07702767,31.54447595,
74.08702592,31.54447595,
74.09702417,31.54447595,
74.10702242,31.54447595,
74.11702067,31.54447595,
74.12701892,31.54447595,
74.13701717,31.54447595,
74.14701542,31.54447595,
74.15701367,31.54447595,
74.16701191,31.54447595,
74.17701016,31.54447595,
74.18700841,31.54447595,
74.19700666,31.54447595,
74.20700491,31.54447595,9.95E-05
74.21700316,31.54447595,9.90E-05
74.22700141,31.54447595,9.90E-05
74.23699966,31.54447595,9.90E-05
74.24699791,31.54447595,9.90E-05
74.25699616,31.54447595,9.90E-05
74.26699441,31.54447595,0.000104502
74.27699265,31.54447595,0.000122038
74.2869909,31.54447595,0.000127528
74.29698915,31.54447595,0.000111217
74.3069874,31.54447595,9.84E-05
74.31698565,31.54447595,9.84E-05
74.3269839,31.54447595,9.84E-05
74.33698215,31.54447595,9.84E-05
74.3469804,31.54447595,9.84E-05
74.35697865,31.54447595,9.84E-05
74.3669769,31.54447595,9.84E-05
74.37697515,31.54447595,9.84E-05
74.3869734,31.54447595,9.49E-05
74.39697164,31.54447595,7.26E-05
74.40696989,31.54447595,5.66E-05
74.41696814,31.54447595,5.64E-05
74.42696639,31.54447595,5.47E-05
74.43696464,31.54447595,5.33E-05
74.44696289,31.54447595,5.32E-05
74.45696114,31.54447595,5.32E-05
74.46695939,31.54447595,5.32E-05
74.47695764,31.54447595,5.45E-05
74.48695589,31.54447595,5.71E-05
74.49695414,31.54447595,5.71E-05
74.50695238,31.54447595,5.71E-05
74.51695063,31.54447595,5.71E-05
74.52694888,31.54447595,5.46E-05
74.53694713,31.54447595,5.13E-05
74.54694538,31.54447595,5.13E-05
74.55694363,31.54447595,5.13E-05
74.56694188,31.54447595,5.21E-05
74.57694013,31.54447595,5.66E-05
74.58693838,31.54447595,6.19E-05
74.59693663,31.54447595,6.26E-05
74.60693488,31.54447595,6.26E-05
74.61693312,31.54447595,
74.62693137,31.54447595,
74.63692962,31.54447595,
74.64692787,31.54447595,
73.99704168,31.5344777,
74.00703993,31.5344777,
74.01703818,31.5344777,
74.02703643,31.5344777,
74.03703468,31.5344777,
74.04703293,31.5344777,
74.05703117,31.5344777,
74.06702942,31.5344777,
74.07702767,31.5344777,
74.08702592,31.5344777,
74.09702417,31.5344777,
74.10702242,31.5344777,
74.11702067,31.5344777,
74.12701892,31.5344777,
74.13701717,31.5344777,
74.14701542,31.5344777,
74.15701367,31.5344777,
74.16701191,31.5344777,
74.17701016,31.5344777,
74.18700841,31.5344777,
74.19700666,31.5344777,0.000105091
74.20700491,31.5344777,0.000102634
74.21700316,31.5344777,9.90E-05
74.22700141,31.5344777,9.90E-05
74.23699966,31.5344777,9.90E-05
74.24699791,31.5344777,0.000104123
74.25699616,31.5344777,0.000113233
74.26699441,31.5344777,0.000119776
74.27699265,31.5344777,0.000127553
74.2869909,31.5344777,0.000127553
74.29698915,31.5344777,0.000125757
74.3069874,31.5344777,9.86E-05
74.31698565,31.5344777,9.84E-05
74.3269839,31.5344777,9.84E-05
74.33698215,31.5344777,9.84E-05
74.3469804,31.5344777,9.84E-05
74.35697865,31.5344777,9.84E-05
74.3669769,31.5344777,9.84E-05
74.37697515,31.5344777,9.84E-05
74.3869734,31.5344777,9.83E-05
74.39697164,31.5344777,7.82E-05
74.40696989,31.5344777,5.46E-05
74.41696814,31.5344777,5.33E-05
74.42696639,31.5344777,5.32E-05
74.43696464,31.5344777,5.32E-05
74.44696289,31.5344777,5.32E-05
74.45696114,31.5344777,5.32E-05
74.46695939,31.5344777,5.32E-05
74.47695764,31.5344777,5.33E-05
74.48695589,31.5344777,5.68E-05
74.49695414,31.5344777,5.71E-05
74.50695238,31.5344777,5.71E-05
74.51695063,31.5344777,5.71E-05
74.52694888,31.5344777,5.55E-05
74.53694713,31.5344777,5.13E-05
74.54694538,31.5344777,5.16E-05
74.55694363,31.5344777,5.67E-05
74.56694188,31.5344777,6.29E-05
74.57694013,31.5344777,6.27E-05
74.58693838,31.5344777,6.26E-05
74.59693663,31.5344777,6.26E-05
74.60693488,31.5344777,6.26E-05
74.61693312,31.5344777,
74.62693137,31.5344777,
74.63692962,31.5344777,
74.64692787,31.5344777,
73.99704168,31.52447945,
74.00703993,31.52447945,
74.01703818,31.52447945,
74.02703643,31.52447945,
74.03703468,31.52447945,
74.04703293,31.52447945,
74.05703117,31.52447945,
74.06702942,31.52447945,
74.07702767,31.52447945,
74.08702592,31.52447945,
74.09702417,31.52447945,
74.10702242,31.52447945,
74.11702067,31.52447945,
74.12701892,31.52447945,
74.13701717,31.52447945,
74.14701542,31.52447945,
74.15701367,31.52447945,
74.16701191,31.52447945,
74.17701016,31.52447945,
74.18700841,31.52447945,0.000105091
74.19700666,31.52447945,0.000105091
74.20700491,31.52447945,0.000104985
74.21700316,31.52447945,9.93E-05
74.22700141,31.52447945,0.000104864
74.23699966,31.52447945,0.000115983
74.24699791,31.52447945,0.000118007
74.25699616,31.52447945,0.000118007
74.26699441,31.52447945,0.000118175
74.27699265,31.52447945,0.000127469
74.2869909,31.52447945,0.000127553
74.29698915,31.52447945,0.000127553
74.3069874,31.52447945,0.000108474
74.31698565,31.52447945,9.84E-05
74.3269839,31.52447945,9.84E-05
74.33698215,31.52447945,9.84E-05
74.3469804,31.52447945,9.84E-05
74.35697865,31.52447945,9.84E-05
74.3669769,31.52447945,9.84E-05
74.37697515,31.52447945,9.88E-05
74.3869734,31.52447945,0.000101053
74.39697164,31.52447945,8.82E-05
74.40696989,31.52447945,5.32E-05
74.41696814,31.52447945,5.32E-05
74.42696639,31.52447945,5.32E-05
74.43696464,31.52447945,5.32E-05
74.44696289,31.52447945,5.32E-05
74.45696114,31.52447945,5.32E-05
74.46695939,31.52447945,5.32E-05
74.47695764,31.52447945,5.32E-05
74.48695589,31.52447945,5.49E-05
74.49695414,31.52447945,5.71E-05
74.50695238,31.52447945,5.71E-05
74.51695063,31.52447945,5.71E-05
74.52694888,31.52447945,5.68E-05
74.53694713,31.52447945,5.73E-05
74.54694538,31.52447945,6.31E-05
74.55694363,31.52447945,6.36E-05
74.56694188,31.52447945,6.36E-05
74.57694013,31.52447945,6.32E-05
74.58693838,31.52447945,6.26E-05
74.59693663,31.52447945,
74.60693488,31.52447945,
74.61693312,31.52447945,
74.62693137,31.52447945,
74.63692962,31.52447945,
74.64692787,31.52447945,
73.99704168,31.5144812,
74.00703993,31.5144812,
74.01703818,31.5144812,
74.02703643,31.5144812,
74.03703468,31.5144812,
74.04703293,31.5144812,
74.05703117,31.5144812,
74.06702942,31.5144812,
74.07702767,31.5144812,
74.08702592,31.5144812,
74.09702417,31.5144812,
74.10702242,31.5144812,
74.11702067,31.5144812,
74.12701892,31.5144812,
74.13701717,31.5144812,
74.14701542,31.5144812,
74.15701367,31.5144812,
74.16701191,31.5144812,
74.17701016,31.5144812,0.000105091
74.18700841,31.5144812,0.000105091
74.19700666,31.5144812,0.00010522
74.20700491,31.5144812,0.000112947
74.21700316,31.5144812,0.000119165
74.22700141,31.5144812,0.000118007
74.23699966,31.5144812,0.000118007
74.24699791,31.5144812,0.000118007
74.25699616,31.5144812,0.000118007
74.26699441,31.5144812,0.000118007
74.27699265,31.5144812,0.000126286
74.2869909,31.5144812,0.000127553
74.29698915,31.5144812,0.000127553
74.3069874,31.5144812,0.000124602
74.31698565,31.5144812,9.84E-05
74.3269839,31.5144812,9.84E-05
74.33698215,31.5144812,9.84E-05
74.3469804,31.5144812,9.84E-05
74.35697865,31.5144812,9.88E-05
74.3669769,31.5144812,0.000101222
74.37697515,31.5144812,0.000102475
74.3869734,31.5144812,0.000102486
74.39697164,31.5144812,0.000101206
74.40696989,31.5144812,5.38E-05
74.41696814,31.5144812,5.32E-05
74.42696639,31.5144812,5.32E-05
74.43696464,31.5144812,5.32E-05
74.44696289,31.5144812,5.32E-05
74.45696114,31.5144812,5.32E-05
74.46695939,31.5144812,5.32E-05
74.47695764,31.5144812,5.32E-05
74.48695589,31.5144812,5.33E-05
74.49695414,31.5144812,5.69E-05
74.50695238,31.5144812,5.77E-05
74.51695063,31.5144812,6.37E-05
74.52694888,31.5144812,6.91E-05
74.53694713,31.5144812,6.38E-05
74.54694538,31.5144812,6.36E-05
74.55694363,31.5144812,6.36E-05
74.56694188,31.5144812,6.36E-05
74.57694013,31.5144812,6.36E-05
74.58693838,31.5144812,
74.59693663,31.5144812,
74.60693488,31.5144812,
74.61693312,31.5144812,
74.62693137,31.5144812,
74.63692962,31.5144812,
74.64692787,31.5144812,
73.99704168,31.50448295,
74.00703993,31.50448295,
74.01703818,31.50448295,
74.02703643,31.50448295,
74.03703468,31.50448295,
74.04703293,31.50448295,
74.05703117,31.50448295,
74.06702942,31.50448295,
74.07702767,31.50448295,
74.08702592,31.50448295,
74.09702417,31.50448295,
74.10702242,31.50448295,
74.11702067,31.50448295,
74.12701892,31.50448295,
74.13701717,31.50448295,
74.14701542,31.50448295,
74.15701367,31.50448295,
74.16701191,31.50448295,
74.17701016,31.50448295,0.000105328
74.18700841,31.50448295,0.000113789
74.19700666,31.50448295,0.000126165
74.20700491,31.50448295,0.000127845
74.21700316,31.50448295,0.000127452
74.22700141,31.50448295,0.000118192
74.23699966,31.50448295,0.000118007
74.24699791,31.50448295,0.000118007
74.25699616,31.50448295,0.000118007
74.26699441,31.50448295,0.000118007
74.27699265,31.50448295,0.000124767
74.2869909,31.50448295,0.000127553
74.29698915,31.50448295,0.000127553
74.3069874,31.50448295,0.000127553
74.31698565,31.50448295,0.000105731
74.3269839,31.50448295,9.84E-05
74.33698215,31.50448295,9.94E-05
74.3469804,31.50448295,0.000101391
74.35697865,31.50448295,0.000102484
74.3669769,31.50448295,0.000102486
74.37697515,31.50448295,0.000102486
74.3869734,31.50448295,0.000102486
74.39697164,31.50448295,0.000102486
74.40696989,31.50448295,6.42E-05
74.41696814,31.50448295,5.32E-05
74.42696639,31.50448295,5.32E-05
74.43696464,31.50448295,5.32E-05
74.44696289,31.50448295,5.32E-05
74.45696114,31.50448295,5.32E-05
74.46695939,31.50448295,5.32E-05
74.47695764,31.50448295,5.32E-05
74.48695589,31.50448295,5.37E-05
74.49695414,31.50448295,6.12E-05
74.50695238,31.50448295,6.92E-05
74.51695063,31.50448295,6.94E-05
74.52694888,31.50448295,6.94E-05
74.53694713,31.50448295,6.47E-05
74.54694538,31.50448295,6.36E-05
74.55694363,31.50448295,6.36E-05
74.56694188,31.50448295,6.36E-05
74.57694013,31.50448295,6.36E-05
74.58693838,31.50448295,6.30E-05
74.59693663,31.50448295,6.26E-05
74.60693488,31.50448295,6.26E-05
74.61693312,31.50448295,
74.62693137,31.50448295,
74.63692962,31.50448295,
74.64692787,31.50448295,
73.99704168,31.4944847,
74.00703993,31.4944847,
74.01703818,31.4944847,
74.02703643,31.4944847,
74.03703468,31.4944847,
74.04703293,31.4944847,
74.05703117,31.4944847,
74.06702942,31.4944847,
74.07702767,31.4944847,
74.08702592,31.4944847,
74.09702417,31.4944847,
74.10702242,31.4944847,
74.11702067,31.4944847,
74.12701892,31.4944847,
74.13701717,31.4944847,
74.14701542,31.4944847,
74.15701367,31.4944847,
74.16701191,31.4944847,
74.17701016,31.4944847,0.000126763
74.18700841,31.4944847,0.000128129
74.19700666,31.4944847,0.000128128
74.20700491,31.4944847,0.000128127
74.21700316,31.4944847,0.000128126
74.22700141,31.4944847,0.000122336
74.23699966,31.4944847,0.000118286
74.24699791,31.4944847,0.000118285
74.25699616,31.4944847,0.000118284
74.26699441,31.4944847,0.000118283
74.27699265,31.4944847,0.000121659
74.2869909,31.4944847,0.000127553
74.29698915,31.4944847,0.000127553
74.3069874,31.4944847,0.000127544
74.31698565,31.4944847,0.000117946
74.3269839,31.4944847,0.000102022
74.33698215,31.4944847,0.000102486
74.3469804,31.4944847,0.000102486
74.35697865,31.4944847,0.000102486
74.3669769,31.4944847,0.000102486
74.37697515,31.4944847,0.000102486
74.3869734,31.4944847,0.000102486
74.39697164,31.4944847,0.000102486
74.40696989,31.4944847,7.58E-05
74.41696814,31.4944847,5.66E-05
74.42696639,31.4944847,5.64E-05
74.43696464,31.4944847,5.64E-05
74.44696289,31.4944847,5.63E-05
74.45696114,31.4944847,5.63E-05
74.46695939,31.4944847,5.69E-05
74.47695764,31.4944847,6.11E-05
74.48695589,31.4944847,6.40E-05
74.49695414,31.4944847,6.44E-05
74.50695238,31.4944847,7.22E-05
74.51695063,31.4944847,7.23E-05
74.52694888,31.4944847,7.23E-05
74.53694713,31.4944847,6.78E-05
74.54694538,31.4944847,6.54E-05
74.55694363,31.4944847,6.54E-05
74.56694188,31.4944847,6.53E-05
74.57694013,31.4944847,6.53E-05
74.58693838,31.4944847,6.52E-05
74.59693663,31.4944847,6.43E-05
74.60693488,31.4944847,6.43E-05
74.61693312,31.4944847,6.44E-05
74.62693137,31.4944847,6.82E-05
74.63692962,31.4944847,
74.64692787,31.4944847,
73.99704168,31.48448645,
74.00703993,31.48448645,
74.01703818,31.48448645,
74.02703643,31.48448645,
74.03703468,31.48448645,
74.04703293,31.48448645,
74.05703117,31.48448645,
74.06702942,31.48448645,
74.07702767,31.48448645,
74.08702592,31.48448645,
74.09702417,31.48448645,
74.10702242,31.48448645,
74.11702067,31.48448645,
74.12701892,31.48448645,
74.13701717,31.48448645,
74.14701542,31.48448645,
74.15701367,31.48448645,
74.16701191,31.48448645,0.000128329
74.17701016,31.48448645,0.000128329
74.18700841,31.48448645,0.000128329
74.19700666,31.48448645,0.000128329
74.20700491,31.48448645,0.000128329
74.21700316,31.48448645,0.000128329
74.22700141,31.48448645,0.00012762
74.23699966,31.48448645,0.000118537
74.24699791,31.48448645,0.000118491
74.25699616,31.48448645,0.000118491
74.26699441,31.48448645,0.000118491
74.27699265,31.48448645,0.000118491
74.2869909,31.48448645,0.000130949
74.29698915,31.48448645,0.000126867
74.3069874,31.48448645,0.000119734
74.31698565,31.48448645,0.000118442
74.3269839,31.48448645,8.39E-05
74.33698215,31.48448645,8.09E-05
74.3469804,31.48448645,8.09E-05
74.35697865,31.48448645,8.09E-05
74.3669769,31.48448645,8.09E-05
74.37697515,31.48448645,8.09E-05
74.3869734,31.48448645,8.09E-05
74.39697164,31.48448645,8.09E-05
74.40696989,31.48448645,7.60E-05
74.41696814,31.48448645,6.47E-05
74.42696639,31.48448645,5.94E-05
74.43696464,31.48448645,5.94E-05
74.44696289,31.48448645,6.01E-05
74.45696114,31.48448645,6.46E-05
74.46695939,31.48448645,6.72E-05
74.47695764,31.48448645,6.72E-05
74.48695589,31.48448645,6.72E-05
74.49695414,31.48448645,6.72E-05
74.50695238,31.48448645,7.24E-05
74.51695063,31.48448645,7.56E-05
74.52694888,31.48448645,7.56E-05
74.53694713,31.48448645,7.15E-05
74.54694538,31.48448645,6.75E-05
74.55694363,31.48448645,6.75E-05
74.56694188,31.48448645,6.75E-05
74.57694013,31.48448645,6.75E-05
74.58693838,31.48448645,6.75E-05
74.59693663,31.48448645,6.75E-05
74.60693488,31.48448645,7.10E-05
74.61693312,31.48448645,7.51E-05
74.62693137,31.48448645,7.54E-05
74.63692962,31.48448645,7.54E-05
74.64692787,31.48448645,
73.99704168,31.47448821,
74.00703993,31.47448821,
74.01703818,31.47448821,
74.02703643,31.47448821,
74.03703468,31.47448821,
74.04703293,31.47448821,
74.05703117,31.47448821,
74.06702942,31.47448821,
74.07702767,31.47448821,
74.08702592,31.47448821,
74.09702417,31.47448821,
74.10702242,31.47448821,
74.11702067,31.47448821,
74.12701892,31.47448821,
74.13701717,31.47448821,
74.14701542,31.47448821,
74.15701367,31.47448821,
74.16701191,31.47448821,0.000128329
74.17701016,31.47448821,0.000128329
74.18700841,31.47448821,0.000128329
74.19700666,31.47448821,0.000128329
74.20700491,31.47448821,0.000128329
74.21700316,31.47448821,0.000128329
74.22700141,31.47448821,0.000128329
74.23699966,31.47448821,0.00012163
74.24699791,31.47448821,0.000118491
74.25699616,31.47448821,0.000118491
74.26699441,31.47448821,0.000118435
74.27699265,31.47448821,0.000116177
74.2869909,31.47448821,0.000119526
74.29698915,31.47448821,0.000118547
74.3069874,31.47448821,0.000118547
74.31698565,31.47448821,0.000118547
74.3269839,31.47448821,0.000103599
74.33698215,31.47448821,8.09E-05
74.3469804,31.47448821,8.09E-05
74.35697865,31.47448821,8.09E-05
74.3669769,31.47448821,8.09E-05
74.37697515,31.47448821,8.09E-05
74.3869734,31.47448821,8.09E-05
74.39697164,31.47448821,8.09E-05
74.40696989,31.47448821,7.60E-05
74.41696814,31.47448821,7.22E-05
74.42696639,31.47448821,6.03E-05
74.43696464,31.47448821,6.49E-05
74.44696289,31.47448821,6.72E-05
74.45696114,31.47448821,6.72E-05
74.46695939,31.47448821,6.72E-05
74.47695764,31.47448821,6.72E-05
74.48695589,31.47448821,6.72E-05
74.49695414,31.47448821,6.72E-05
74.50695238,31.47448821,6.80E-05
74.51695063,31.47448821,7.56E-05
74.52694888,31.47448821,7.56E-05
74.53694713,31.47448821,7.28E-05
74.54694538,31.47448821,6.75E-05
74.55694363,31.47448821,6.75E-05
74.56694188,31.47448821,6.75E-05
74.57694013,31.47448821,6.79E-05
74.58693838,31.47448821,7.20E-05
74.59693663,31.47448821,7.52E-05
74.60693488,31.47448821,7.54E-05
74.61693312,31.47448821,7.54E-05
74.62693137,31.47448821,7.54E-05
74.63692962,31.47448821,7.54E-05
74.64692787,31.47448821,7.54E-05
73.99704168,31.46448996,
74.00703993,31.46448996,
74.01703818,31.46448996,
74.02703643,31.46448996,
74.03703468,31.46448996,
74.04703293,31.46448996,
74.05703117,31.46448996,
74.06702942,31.46448996,
74.07702767,31.46448996,
74.08702592,31.46448996,
74.09702417,31.46448996,6.67E-05
74.10702242,31.46448996,8.11E-05
74.11702067,31.46448996,
74.12701892,31.46448996,
74.13701717,31.46448996,
74.14701542,31.46448996,
74.15701367,31.46448996,0.000121289
74.16701191,31.46448996,0.000128329
74.17701016,31.46448996,0.000128329
74.18700841,31.46448996,0.000128329
74.19700666,31.46448996,0.000128329
74.20700491,31.46448996,0.000128329
74.21700316,31.46448996,0.000128329
74.22700141,31.46448996,0.000128329
74.23699966,31.46448996,0.000126094
74.24699791,31.46448996,0.000118396
74.25699616,31.46448996,0.000115932
74.26699441,31.46448996,0.000112658
74.27699265,31.46448996,0.000112263
74.2869909,31.46448996,0.000112263
74.29698915,31.46448996,0.000118547
74.3069874,31.46448996,0.000118547
74.31698565,31.46448996,0.000118547
74.3269839,31.46448996,0.000117928
74.33698215,31.46448996,8.25E-05
74.3469804,31.46448996,8.09E-05
74.35697865,31.46448996,8.09E-05
74.3669769,31.46448996,8.09E-05
74.37697515,31.46448996,8.09E-05
74.3869734,31.46448996,8.09E-05
74.39697164,31.46448996,8.09E-05
74.40696989,31.46448996,7.34E-05
74.41696814,31.46448996,6.88E-05
74.42696639,31.46448996,6.71E-05
74.43696464,31.46448996,6.72E-05
74.44696289,31.46448996,6.72E-05
74.45696114,31.46448996,6.72E-05
74.46695939,31.46448996,6.72E-05
74.47695764,31.46448996,6.72E-05
74.48695589,31.46448996,6.72E-05
74.49695414,31.46448996,6.72E-05
74.50695238,31.46448996,6.72E-05
74.51695063,31.46448996,7.33E-05
74.52694888,31.46448996,7.56E-05
74.53694713,31.46448996,7.41E-05
74.54694538,31.46448996,6.75E-05
74.55694363,31.46448996,6.80E-05
74.56694188,31.46448996,7.23E-05
74.57694013,31.46448996,7.55E-05
74.58693838,31.46448996,7.57E-05
74.59693663,31.46448996,7.57E-05
74.60693488,31.46448996,7.55E-05
74.61693312,31.46448996,7.54E-05
74.62693137,31.46448996,7.54E-05
74.63692962,31.46448996,7.54E-05
74.64692787,31.46448996,7.54E-05
73.99704168,31.45449171,
74.00703993,31.45449171,
74.01703818,31.45449171,
74.02703643,31.45449171,
74.03703468,31.45449171,
74.04703293,31.45449171,
74.05703117,31.45449171,
74.06702942,31.45449171,
74.07702767,31.45449171,
74.08702592,31.45449171,
74.09702417,31.45449171,9.47E-05
74.10702242,31.45449171,9.53E-05
74.11702067,31.45449171,9.53E-05
74.12701892,31.45449171,
74.13701717,31.45449171,9.53E-05
74.14701542,31.45449171,9.64E-05
74.15701367,31.45449171,0.000117898
74.16701191,31.45449171,0.000128329
74.17701016,31.45449171,0.000128329
74.18700841,31.45449171,0.000128329
74.19700666,31.45449171,0.000128329
74.20700491,31.45449171,0.000128329
74.21700316,31.45449171,0.000128329
74.22700141,31.45449171,0.000128108
74.23699966,31.45449171,0.000123956
74.24699791,31.45449171,0.000114374
74.25699616,31.45449171,0.000112263
74.26699441,31.45449171,0.000112263
74.27699265,31.45449171,0.000112263
74.2869909,31.45449171,0.000112263
74.29698915,31.45449171,0.000118547
74.3069874,31.45449171,0.000118547
74.31698565,31.45449171,0.000118547
74.3269839,31.45449171,0.000118547
74.33698215,31.45449171,9.98E-05
74.3469804,31.45449171,8.09E-05
74.35697865,31.45449171,8.09E-05
74.3669769,31.45449171,8.09E-05
74.37697515,31.45449171,8.08E-05
74.3869734,31.45449171,7.48E-05
74.39697164,31.45449171,6.36E-05
74.40696989,31.45449171,6.64E-05
74.41696814,31.45449171,6.64E-05
74.42696639,31.45449171,6.67E-05
74.43696464,31.45449171,6.72E-05
74.44696289,31.45449171,6.72E-05
74.45696114,31.45449171,6.72E-05
74.46695939,31.45449171,6.72E-05
74.47695764,31.45449171,6.72E-05
74.48695589,31.45449171,6.72E-05
74.49695414,31.45449171,6.72E-05
74.50695238,31.45449171,6.72E-05
74.51695063,31.45449171,6.95E-05
74.52694888,31.45449171,7.56E-05
74.53694713,31.45449171,7.61E-05
74.54694538,31.45449171,7.28E-05
74.55694363,31.45449171,7.56E-05
74.56694188,31.45449171,7.57E-05
74.57694013,31.45449171,7.57E-05
74.58693838,31.45449171,7.57E-05
74.59693663,31.45449171,7.57E-05
74.60693488,31.45449171,7.56E-05
74.61693312,31.45449171,7.54E-05
74.62693137,31.45449171,7.54E-05
74.63692962,31.45449171,7.54E-05
74.64692787,31.45449171,7.54E-05
73.99704168,31.44449346,
74.00703993,31.44449346,
74.01703818,31.44449346,
74.02703643,31.44449346,
74.03703468,31.44449346,
74.04703293,31.44449346,
74.05703117,31.44449346,
74.06702942,31.44449346,
74.07702767,31.44449346,
74.08702592,31.44449346,9.53E-05
74.09702417,31.44449346,9.53E-05
74.10702242,31.44449346,9.53E-05
74.11702067,31.44449346,9.53E-05
74.12701892,31.44449346,
74.13701717,31.44449346,9.53E-05
74.14701542,31.44449346,9.53E-05
74.15701367,31.44449346,0.000111169
74.16701191,31.44449346,0.000128329
74.17701016,31.44449346,0.000128329
74.18700841,31.44449346,0.000128329
74.19700666,31.44449346,0.000128329
74.20700491,31.44449346,0.000128023
74.21700316,31.44449346,0.000123594
74.22700141,31.44449346,0.000118976
74.23699966,31.44449346,0.0001186
74.24699791,31.44449346,0.000116542
74.25699616,31.44449346,0.000112263
74.26699441,31.44449346,0.000112263
74.27699265,31.44449346,0.000112263
74.2869909,31.44449346,0.000112263
74.29698915,31.44449346,0.000118547
74.3069874,31.44449346,0.000118547
74.31698565,31.44449346,0.000118547
74.3269839,31.44449346,0.000118547
74.33698215,31.44449346,0.000116986
74.3469804,31.44449346,8.21E-05
74.35697865,31.44449346,8.07E-05
74.3669769,31.44449346,7.40E-05
74.37697515,31.44449346,6.33E-05
74.3869734,31.44449346,6.17E-05
74.39697164,31.44449346,6.17E-05
74.40696989,31.44449346,6.64E-05
74.41696814,31.44449346,6.64E-05
74.42696639,31.44449346,6.64E-05
74.43696464,31.44449346,6.72E-05
74.44696289,31.44449346,6.72E-05
74.45696114,31.44449346,6.72E-05
74.46695939,31.44449346,6.72E-05
74.47695764,31.44449346,6.72E-05
74.48695589,31.44449346,6.72E-05
74.49695414,31.44449346,6.72E-05
74.50695238,31.44449346,6.72E-05
74.51695063,31.44449346,6.89E-05
74.52694888,31.44449346,8.08E-05
74.53694713,31.44449346,8.37E-05
74.54694538,31.44449346,7.68E-05
74.55694363,31.44449346,7.57E-05
74.56694188,31.44449346,7.57E-05
74.57694013,31.44449346,7.57E-05
74.58693838,31.44449346,7.57E-05
74.59693663,31.44449346,7.57E-05
74.60693488,31.44449346,7.57E-05
74.61693312,31.44449346,7.55E-05
74.62693137,31.44449346,7.54E-05
74.63692962,31.44449346,7.54E-05
74.64692787,31.44449346,
73.99704168,31.43449521,
74.00703993,31.43449521,
74.01703818,31.43449521,
74.02703643,31.43449521,
74.03703468,31.43449521,
74.04703293,31.43449521,
74.05703117,31.43449521,
74.06702942,31.43449521,
74.07702767,31.43449521,0.000101768
74.08702592,31.43449521,0.000101756
74.09702417,31.43449521,0.000101743
74.10702242,31.43449521,0.00010173
74.11702067,31.43449521,0.000101717
74.12701892,31.43449521,0.000101704
74.13701717,31.43449521,0.000101692
74.14701542,31.43449521,0.000101679
74.15701367,31.43449521,0.000107798
74.16701191,31.43449521,0.000128114
74.17701016,31.43449521,0.000128115
74.18700841,31.43449521,0.000127711
74.19700666,31.43449521,0.000123021
74.20700491,31.43449521,0.000118671
74.21700316,31.43449521,0.000118392
74.22700141,31.43449521,0.000118393
74.23699966,31.43449521,0.000118394
74.24699791,31.43449521,0.000118361
74.25699616,31.43449521,0.000112492
74.26699441,31.43449521,0.000112061
74.27699265,31.43449521,0.000112062
74.2869909,31.43449521,0.000107203
74.29698915,31.43449521,9.47E-05
74.3069874,31.43449521,9.47E-05
74.31698565,31.43449521,9.47E-05
74.3269839,31.43449521,9.47E-05
74.33698215,31.43449521,9.44E-05
74.3469804,31.43449521,7.77E-05
74.35697865,31.43449521,6.69E-05
74.3669769,31.43449521,6.62E-05
74.37697515,31.43449521,6.62E-05
74.3869734,31.43449521,6.62E-05
74.39697164,31.43449521,6.62E-05
74.40696989,31.43449521,6.62E-05
74.41696814,31.43449521,6.48E-05
74.42696639,31.43449521,6.45E-05
74.43696464,31.43449521,6.49E-05
74.44696289,31.43449521,6.54E-05
74.45696114,31.43449521,6.54E-05
74.46695939,31.43449521,6.54E-05
74.47695764,31.43449521,6.55E-05
74.48695589,31.43449521,6.55E-05
74.49695414,31.43449521,6.95E-05
74.50695238,31.43449521,7.72E-05
74.51695063,31.43449521,8.15E-05
74.52694888,31.43449521,8.18E-05
74.53694713,31.43449521,8.22E-05
74.54694538,31.43449521,7.73E-05
74.55694363,31.43449521,7.54E-05
74.56694188,31.43449521,7.54E-05
74.57694013,31.43449521,7.54E-05
74.58693838,31.43449521,7.54E-05
74.59693663,31.43449521,7.54E-05
74.60693488,31.43449521,7.54E-05
74.61693312,31.43449521,7.53E-05
74.62693137,31.43449521,7.52E-05
74.63692962,31.43449521,7.52E-05
74.64692787,31.43449521,7.50E-05
73.99704168,31.42449696,
74.00703993,31.42449696,
74.01703818,31.42449696,
74.02703643,31.42449696,
74.03703468,31.42449696,
74.04703293,31.42449696,
74.05703117,31.42449696,
74.06702942,31.42449696,0.000103986
74.07702767,31.42449696,0.000114339
74.08702592,31.42449696,0.000114339
74.09702417,31.42449696,0.000114339
74.10702242,31.42449696,0.000114339
74.11702067,31.42449696,0.000114339
74.12701892,31.42449696,0.000114339
74.13701717,31.42449696,0.000114339
74.14701542,31.42449696,0.000114339
74.15701367,31.42449696,0.000114366
74.16701191,31.42449696,0.000124377
74.17701016,31.42449696,0.000122225
74.18700841,31.42449696,0.000118154
74.19700666,31.42449696,0.000117956
74.20700491,31.42449696,0.000117956
74.21700316,31.42449696,0.000117956
74.22700141,31.42449696,0.000117956
74.23699966,31.42449696,0.000117956
74.24699791,31.42449696,0.000117956
74.25699616,31.42449696,0.000115268
74.26699441,31.42449696,0.000111618
74.27699265,31.42449696,0.000111618
74.2869909,31.42449696,0.000104487
74.29698915,31.42449696,9.47E-05
74.3069874,31.42449696,9.47E-05
74.31698565,31.42449696,9.42E-05
74.3269839,31.42449696,8.53E-05
74.33698215,31.42449696,7.45E-05
74.3469804,31.42449696,7.28E-05
74.35697865,31.42449696,6.62E-05
74.3669769,31.42449696,6.62E-05
74.37697515,31.42449696,6.62E-05
74.3869734,31.42449696,6.62E-05
74.39697164,31.42449696,6.62E-05
74.40696989,31.42449696,6.62E-05
74.41696814,31.42449696,6.20E-05
74.42696639,31.42449696,5.92E-05
74.43696464,31.42449696,5.92E-05
74.44696289,31.42449696,5.99E-05
74.45696114,31.42449696,5.99E-05
74.46695939,31.42449696,6.00E-05
74.47695764,31.42449696,6.47E-05
74.48695589,31.42449696,7.41E-05
74.49695414,31.42449696,7.59E-05
74.50695238,31.42449696,7.59E-05
74.51695063,31.42449696,7.59E-05
74.52694888,31.42449696,7.59E-05
74.53694713,31.42449696,7.64E-05
74.54694538,31.42449696,7.52E-05
74.55694363,31.42449696,7.42E-05
74.56694188,31.42449696,7.42E-05
74.57694013,31.42449696,7.42E-05
74.58693838,31.42449696,7.42E-05
74.59693663,31.42449696,7.42E-05
74.60693488,31.42449696,7.42E-05
74.61693312,31.42449696,7.42E-05
74.62693137,31.42449696,7.35E-05
74.63692962,31.42449696,7.19E-05
74.64692787,31.42449696,7.06E-05
73.99704168,31.41449871,
74.00703993,31.41449871,
74.01703818,31.41449871,
74.02703643,31.41449871,
74.03703468,31.41449871,
74.04703293,31.41449871,
74.05703117,31.41449871,
74.06702942,31.41449871,9.87E-05
74.07702767,31.41449871,0.000113334
74.08702592,31.41449871,0.000114339
74.09702417,31.41449871,0.000114339
74.10702242,31.41449871,0.000114339
74.11702067,31.41449871,0.000114339
74.12701892,31.41449871,0.000114339
74.13701717,31.41449871,0.000114339
74.14701542,31.41449871,0.000114914
74.15701367,31.41449871,0.000119569
74.16701191,31.41449871,0.000121497
74.17701016,31.41449871,0.000117956
74.18700841,31.41449871,0.000117956
74.19700666,31.41449871,0.000117956
74.20700491,31.41449871,0.000117956
74.21700316,31.41449871,0.000117956
74.22700141,31.41449871,0.000117956
74.23699966,31.41449871,0.000117956
74.24699791,31.41449871,0.000117956
74.25699616,31.41449871,0.000117816
74.26699441,31.41449871,0.000112034
74.27699265,31.41449871,0.000111618
74.2869909,31.41449871,0.000107181
74.29698915,31.41449871,9.40E-05
74.3069874,31.41449871,8.45E-05
74.31698565,31.41449871,7.43E-05
74.3269839,31.41449871,7.34E-05
74.33698215,31.41449871,7.34E-05
74.3469804,31.41449871,7.34E-05
74.35697865,31.41449871,6.84E-05
74.3669769,31.41449871,6.62E-05
74.37697515,31.41449871,6.62E-05
74.3869734,31.41449871,6.62E-05
74.39697164,31.41449871,6.62E-05
74.40696989,31.41449871,6.62E-05
74.41696814,31.41449871,6.31E-05
74.42696639,31.41449871,5.92E-05
74.43696464,31.41449871,5.92E-05
74.44696289,31.41449871,5.98E-05
74.45696114,31.41449871,6.54E-05
74.46695939,31.41449871,7.44E-05
74.47695764,31.41449871,7.59E-05
74.48695589,31.41449871,7.59E-05
74.49695414,31.41449871,7.59E-05
74.50695238,31.41449871,7.59E-05
74.51695063,31.41449871,7.59E-05
74.52694888,31.41449871,7.59E-05
74.53694713,31.41449871,7.61E-05
74.54694538,31.41449871,7.56E-05
74.55694363,31.41449871,7.42E-05
74.56694188,31.41449871,7.42E-05
74.57694013,31.41449871,7.42E-05
74.58693838,31.41449871,7.42E-05
74.59693663,31.41449871,
74.60693488,31.41449871,
74.61693312,31.41449871,
74.62693137,31.41449871,
74.63692962,31.41449871,
74.64692787,31.41449871,
73.99704168,31.40450046,
74.00703993,31.40450046,
74.01703818,31.40450046,
74.02703643,31.40450046,
74.03703468,31.40450046,
74.04703293,31.40450046,
74.05703117,31.40450046,
74.06702942,31.40450046,9.86E-05
74.07702767,31.40450046,0.000105396
74.08702592,31.40450046,0.000114339
74.09702417,31.40450046,0.000114339
74.10702242,31.40450046,0.000114339
74.11702067,31.40450046,0.000114339
74.12701892,31.40450046,0.000115034
74.13701717,31.40450046,0.000119876
74.14701542,31.40450046,0.000123021
74.15701367,31.40450046,0.000123093
74.16701191,31.40450046,0.000123755
74.17701016,31.40450046,0.00011829
74.18700841,31.40450046,0.000117956
74.19700666,31.40450046,0.000117956
74.20700491,31.40450046,0.000117956
74.21700316,31.40450046,0.000117956
74.22700141,31.40450046,0.000117956
74.23699966,31.40450046,0.000117956
74.24699791,31.40450046,0.000117956
74.25699616,31.40450046,0.000117956
74.26699441,31.40450046,0.000114639
74.27699265,31.40450046,0.000110761
74.2869909,31.40450046,9.89E-05
74.29698915,31.40450046,7.40E-05
74.3069874,31.40450046,7.34E-05
74.31698565,31.40450046,7.34E-05
74.3269839,31.40450046,7.34E-05
74.33698215,31.40450046,7.34E-05
74.3469804,31.40450046,7.34E-05
74.35697865,31.40450046,7.16E-05
74.3669769,31.40450046,6.62E-05
74.37697515,31.40450046,6.62E-05
74.3869734,31.40450046,6.62E-05
74.39697164,31.40450046,6.62E-05
74.40696989,31.40450046,6.62E-05
74.41696814,31.40450046,6.42E-05
74.42696639,31.40450046,5.93E-05
74.43696464,31.40450046,6.33E-05
74.44696289,31.40450046,6.90E-05
74.45696114,31.40450046,7.58E-05
74.46695939,31.40450046,7.59E-05
74.47695764,31.40450046,7.59E-05
74.48695589,31.40450046,7.59E-05
74.49695414,31.40450046,7.59E-05
74.50695238,31.40450046,7.59E-05
74.51695063,31.40450046,7.59E-05
74.52694888,31.40450046,7.59E-05
74.53694713,31.40450046,7.59E-05
74.54694538,31.40450046,7.59E-05
74.55694363,31.40450046,7.42E-05
74.56694188,31.40450046,7.42E-05
74.57694013,31.40450046,7.42E-05
74.58693838,31.40450046,7.46E-05
74.59693663,31.40450046,
74.60693488,31.40450046,
74.61693312,31.40450046,
74.62693137,31.40450046,
74.63692962,31.40450046,
74.64692787,31.40450046,
73.99704168,31.39450221,
74.00703993,31.39450221,
74.01703818,31.39450221,
74.02703643,31.39450221,
74.03703468,31.39450221,
74.04703293,31.39450221,
74.05703117,31.39450221,
74.06702942,31.39450221,
74.07702767,31.39450221,9.90E-05
74.08702592,31.39450221,0.000113318
74.09702417,31.39450221,0.000114339
74.10702242,31.39450221,0.000115164
74.11702067,31.39450221,0.000120184
74.12701892,31.39450221,0.000123055
74.13701717,31.39450221,0.000123093
74.14701542,31.39450221,0.000123093
74.15701367,31.39450221,0.000123093
74.16701191,31.39450221,0.000123652
74.17701016,31.39450221,0.000121284
74.18700841,31.39450221,0.000117956
74.19700666,31.39450221,0.000117956
74.20700491,31.39450221,0.000117956
74.21700316,31.39450221,0.000117956
74.22700141,31.39450221,0.000117956
74.23699966,31.39450221,0.000117956
74.24699791,31.39450221,0.000117956
74.25699616,31.39450221,0.000116583
74.26699441,31.39450221,0.000102869
74.27699265,31.39450221,9.08E-05
74.2869909,31.39450221,9.03E-05
74.29698915,31.39450221,7.43E-05
74.3069874,31.39450221,7.34E-05
74.31698565,31.39450221,7.34E-05
74.3269839,31.39450221,7.34E-05
74.33698215,31.39450221,7.34E-05
74.3469804,31.39450221,7.34E-05
74.35697865,31.39450221,7.34E-05
74.3669769,31.39450221,6.69E-05
74.37697515,31.39450221,6.62E-05
74.3869734,31.39450221,6.62E-05
74.39697164,31.39450221,6.62E-05
74.40696989,31.39450221,6.64E-05
74.41696814,31.39450221,6.99E-05
74.42696639,31.39450221,6.94E-05
74.43696464,31.39450221,7.01E-05
74.44696289,31.39450221,7.01E-05
74.45696114,31.39450221,7.37E-05
74.46695939,31.39450221,7.59E-05
74.47695764,31.39450221,7.59E-05
74.48695589,31.39450221,7.59E-05
74.49695414,31.39450221,7.59E-05
74.50695238,31.39450221,7.59E-05
74.51695063,31.39450221,7.59E-05
74.52694888,31.39450221,7.59E-05
74.53694713,31.39450221,7.59E-05
74.54694538,31.39450221,7.60E-05
74.55694363,31.39450221,7.42E-05
74.56694188,31.39450221,7.52E-05
74.57694013,31.39450221,7.70E-05
74.58693838,31.39450221,
74.59693663,31.39450221,
74.60693488,31.39450221,
74.61693312,31.39450221,
74.62693137,31.39450221,
74.63692962,31.39450221,
74.64692787,31.39450221,
73.99704168,31.38450396,
74.00703993,31.38450396,
74.01703818,31.38450396,
74.02703643,31.38450396,
74.03703468,31.38450396,
74.04703293,31.38450396,
74.05703117,31.38450396,
74.06702942,31.38450396,9.86E-05
74.07702767,31.38450396,9.86E-05
74.08702592,31.38450396,0.000111392
74.09702417,31.38450396,0.000120491
74.10702242,31.38450396,0.000123079
74.11702067,31.38450396,0.000123093
74.12701892,31.38450396,0.000123093
74.13701717,31.38450396,0.000123093
74.14701542,31.38450396,0.000123093
74.15701367,31.38450396,0.000123093
74.16701191,31.38450396,0.000123483
74.17701016,31.38450396,0.000123954
74.18700841,31.38450396,0.000118113
74.19700666,31.38450396,0.000117956
74.20700491,31.38450396,0.000117956
74.21700316,31.38450396,0.000117956
74.22700141,31.38450396,0.000117956
74.23699966,31.38450396,0.000116239
74.24699791,31.38450396,0.000102311
74.25699616,31.38450396,9.20E-05
74.26699441,31.38450396,9.17E-05
74.27699265,31.38450396,9.09E-05
74.2869909,31.38450396,9.04E-05
74.29698915,31.38450396,7.70E-05
74.3069874,31.38450396,7.34E-05
74.31698565,31.38450396,7.34E-05
74.3269839,31.38450396,7.34E-05
74.33698215,31.38450396,7.34E-05
74.3469804,31.38450396,7.34E-05
74.35697865,31.38450396,7.34E-05
74.3669769,31.38450396,7.09E-05
74.37697515,31.38450396,6.62E-05
74.3869734,31.38450396,6.65E-05
74.39697164,31.38450396,7.13E-05
74.40696989,31.38450396,7.66E-05
74.41696814,31.38450396,7.71E-05
74.42696639,31.38450396,7.03E-05
74.43696464,31.38450396,7.01E-05
74.44696289,31.38450396,7.01E-05
74.45696114,31.38450396,7.06E-05
74.46695939,31.38450396,7.59E-05
74.47695764,31.38450396,7.59E-05
74.48695589,31.38450396,7.59E-05
74.49695414,31.38450396,7.59E-05
74.50695238,31.38450396,7.59E-05
74.51695063,31.38450396,7.59E-05
74.52694888,31.38450396,7.59E-05
74.53694713,31.38450396,7.59E-05
74.54694538,31.38450396,7.63E-05
74.55694363,31.38450396,7.77E-05
74.56694188,31.38450396,7.79E-05
74.57694013,31.38450396,7.79E-05
74.58693838,31.38450396,
74.59693663,31.38450396,
74.60693488,31.38450396,
74.61693312,31.38450396,
74.62693137,31.38450396,
74.63692962,31.38450396,
74.64692787,31.38450396,
73.99704168,31.37450571,
74.00703993,31.37450571,8.60E-05
74.01703818,31.37450571,8.60E-05
74.02703643,31.37450571,8.60E-05
74.03703468,31.37450571,
74.04703293,31.37450571,9.41E-05
74.05703117,31.37450571,0.000100036
74.06702942,31.37450571,0.000109981
74.07702767,31.37450571,0.000128992
74.08702592,31.37450571,0.000138618
74.09702417,31.37450571,0.000124675
74.10702242,31.37450571,0.000124461
74.11702067,31.37450571,0.00012445
74.12701892,31.37450571,0.000124439
74.13701717,31.37450571,0.000124429
74.14701542,31.37450571,0.000124418
74.15701367,31.37450571,0.000124407
74.16701191,31.37450571,0.00012447
74.17701016,31.37450571,0.000124348
74.18700841,31.37450571,0.000120874
74.19700666,31.37450571,0.000118146
74.20700491,31.37450571,0.00011814
74.21700316,31.37450571,0.000116034
74.22700141,31.37450571,0.000101498
74.23699966,31.37450571,9.20E-05
74.24699791,31.37450571,9.18E-05
74.25699616,31.37450571,9.18E-05
74.26699441,31.37450571,9.18E-05
74.27699265,31.37450571,9.17E-05
74.2869909,31.37450571,9.05E-05
74.29698915,31.37450571,7.97E-05
74.3069874,31.37450571,7.32E-05
74.31698565,31.37450571,7.32E-05
74.3269839,31.37450571,7.33E-05
74.33698215,31.37450571,7.33E-05
74.3469804,31.37450571,7.33E-05
74.35697865,31.37450571,7.33E-05
74.3669769,31.37450571,7.32E-05
74.37697515,31.37450571,7.16E-05
74.3869734,31.37450571,7.67E-05
74.39697164,31.37450571,7.71E-05
74.40696989,31.37450571,7.71E-05
74.41696814,31.37450571,7.71E-05
74.42696639,31.37450571,7.14E-05
74.43696464,31.37450571,7.01E-05
74.44696289,31.37450571,7.01E-05
74.45696114,31.37450571,7.01E-05
74.46695939,31.37450571,7.43E-05
74.47695764,31.37450571,7.59E-05
74.48695589,31.37450571,7.59E-05
74.49695414,31.37450571,7.59E-05
74.50695238,31.37450571,7.59E-05
74.51695063,31.37450571,7.59E-05
74.52694888,31.37450571,7.63E-05
74.53694713,31.37450571,7.69E-05
74.54694538,31.37450571,7.70E-05
74.55694363,31.37450571,7.74E-05
74.56694188,31.37450571,7.79E-05
74.57694013,31.37450571,
74.58693838,31.37450571,
74.59693663,31.37450571,
74.60693488,31.37450571,
74.61693312,31.37450571,
74.62693137,31.37450571,
74.63692962,31.37450571,
74.64692787,31.37450571,
73.99704168,31.36450747,
74.00703993,31.36450747,9.74E-05
74.01703818,31.36450747,9.74E-05
74.02703643,31.36450747,9.74E-05
74.03703468,31.36450747,9.75E-05
74.04703293,31.36450747,0.000117639
74.05703117,31.36450747,0.000153862
74.06702942,31.36450747,0.000158398
74.07702767,31.36450747,0.000158398
74.08702592,31.36450747,0.000158398
74.09702417,31.36450747,0.000149234
74.10702242,31.36450747,0.00014354
74.11702067,31.36450747,0.00014354
74.12701892,31.36450747,0.00014354
74.13701717,31.36450747,0.00014354
74.14701542,31.36450747,0.00014354
74.15701367,31.36450747,0.00014354
74.16701191,31.36450747,0.000143117
74.17701016,31.36450747,0.00012743
74.18700841,31.36450747,0.000126996
74.19700666,31.36450747,0.000116243
74.20700491,31.36450747,0.000103573
74.21700316,31.36450747,9.50E-05
74.22700141,31.36450747,9.49E-05
74.23699966,31.36450747,9.49E-05
74.24699791,31.36450747,9.49E-05
74.25699616,31.36450747,9.49E-05
74.26699441,31.36450747,9.49E-05
74.27699265,31.36450747,9.49E-05
74.2869909,31.36450747,9.40E-05
74.29698915,31.36450747,8.21E-05
74.3069874,31.36450747,6.89E-05
74.31698565,31.36450747,6.89E-05
74.3269839,31.36450747,6.89E-05
74.33698215,31.36450747,6.89E-05
74.3469804,31.36450747,6.89E-05
74.35697865,31.36450747,6.84E-05
74.3669769,31.36450747,6.79E-05
74.37697515,31.36450747,7.00E-05
74.3869734,31.36450747,7.27E-05
74.39697164,31.36450747,7.27E-05
74.40696989,31.36450747,7.27E-05
74.41696814,31.36450747,7.27E-05
74.42696639,31.36450747,7.30E-05
74.43696464,31.36450747,7.32E-05
74.44696289,31.36450747,7.32E-05
74.45696114,31.36450747,7.32E-05
74.46695939,31.36450747,7.48E-05
74.47695764,31.36450747,7.90E-05
74.48695589,31.36450747,7.90E-05
74.49695414,31.36450747,7.90E-05
74.50695238,31.36450747,7.94E-05
74.51695063,31.36450747,8.00E-05
74.52694888,31.36450747,8.00E-05
74.53694713,31.36450747,8.00E-05
74.54694538,31.36450747,8.00E-05
74.55694363,31.36450747,
74.56694188,31.36450747,
74.57694013,31.36450747,
74.58693838,31.36450747,
74.59693663,31.36450747,
74.60693488,31.36450747,
74.61693312,31.36450747,
74.62693137,31.36450747,
74.63692962,31.36450747,
74.64692787,31.36450747,
73.99704168,31.35450922,
74.00703993,31.35450922,9.72E-05
74.01703818,31.35450922,9.76E-05
74.02703643,31.35450922,0.000109983
74.03703468,31.35450922,0.000132849
74.04703293,31.35450922,0.000142201
74.05703117,31.35450922,0.000158398
74.06702942,31.35450922,0.000158398
74.07702767,31.35450922,0.000158398
74.08702592,31.35450922,0.000158398
74.09702417,31.35450922,0.000157141
74.10702242,31.35450922,0.00014357
74.11702067,31.35450922,0.00014354
74.12701892,31.35450922,0.00014354
74.13701717,31.35450922,0.00014354
74.14701542,31.35450922,0.00014354
74.15701367,31.35450922,0.00014354
74.16701191,31.35450922,0.00014354
74.17701016,31.35450922,0.000129354
74.18700841,31.35450922,0.000128358
74.19700666,31.35450922,0.00010646
74.20700491,31.35450922,9.49E-05
74.21700316,31.35450922,9.49E-05
74.22700141,31.35450922,9.49E-05
74.23699966,31.35450922,9.49E-05
74.24699791,31.35450922,9.49E-05
74.25699616,31.35450922,9.49E-05
74.26699441,31.35450922,9.49E-05
74.27699265,31.35450922,9.49E-05
74.2869909,31.35450922,9.45E-05
74.29698915,31.35450922,8.60E-05
74.3069874,31.35450922,6.89E-05
74.31698565,31.35450922,6.89E-05
74.3269839,31.35450922,6.89E-05
74.33698215,31.35450922,6.83E-05
74.3469804,31.35450922,6.79E-05
74.35697865,31.35450922,6.79E-05
74.3669769,31.35450922,6.79E-05
74.37697515,31.35450922,6.80E-05
74.3869734,31.35450922,7.25E-05
74.39697164,31.35450922,7.27E-05
74.40696989,31.35450922,7.27E-05
74.41696814,31.35450922,7.27E-05
74.42696639,31.35450922,7.30E-05
74.43696464,31.35450922,7.33E-05
74.44696289,31.35450922,7.33E-05
74.45696114,31.35450922,7.33E-05
74.46695939,31.35450922,7.33E-05
74.47695764,31.35450922,
74.48695589,31.35450922,7.96E-05
74.49695414,31.35450922,8.01E-05
74.50695238,31.35450922,8.02E-05
74.51695063,31.35450922,8.02E-05
74.52694888,31.35450922,
74.53694713,31.35450922,
74.54694538,31.35450922,
74.55694363,31.35450922,
74.56694188,31.35450922,
74.57694013,31.35450922,
74.58693838,31.35450922,
74.59693663,31.35450922,
74.60693488,31.35450922,
74.61693312,31.35450922,
74.62693137,31.35450922,
74.63692962,31.35450922,
74.64692787,31.35450922,
73.99704168,31.34451097,
74.00703993,31.34451097,0.000108227
74.01703818,31.34451097,0.000133415
74.02703643,31.34451097,0.000136775
74.03703468,31.34451097,0.000136775
74.04703293,31.34451097,0.000138676
74.05703117,31.34451097,0.000158398
74.06702942,31.34451097,0.000158398
74.07702767,31.34451097,0.000158398
74.08702592,31.34451097,0.000158398
74.09702417,31.34451097,0.000158398
74.10702242,31.34451097,0.000147799
74.11702067,31.34451097,0.00014354
74.12701892,31.34451097,0.00014354
74.13701717,31.34451097,0.00014354
74.14701542,31.34451097,0.00014354
74.15701367,31.34451097,0.000143899
74.16701191,31.34451097,0.000144566
74.17701016,31.34451097,0.000133194
74.18700841,31.34451097,0.000128763
74.19700666,31.34451097,0.00012526
74.20700491,31.34451097,9.49E-05
74.21700316,31.34451097,9.49E-05
74.22700141,31.34451097,9.49E-05
74.23699966,31.34451097,9.49E-05
74.24699791,31.34451097,9.49E-05
74.25699616,31.34451097,9.49E-05
74.26699441,31.34451097,9.49E-05
74.27699265,31.34451097,9.49E-05
74.2869909,31.34451097,9.49E-05
74.29698915,31.34451097,9.02E-05
74.3069874,31.34451097,6.89E-05
74.31698565,31.34451097,6.83E-05
74.3269839,31.34451097,6.79E-05
74.33698215,31.34451097,6.79E-05
74.3469804,31.34451097,6.79E-05
74.35697865,31.34451097,6.79E-05
74.3669769,31.34451097,6.79E-05
74.37697515,31.34451097,6.79E-05
74.3869734,31.34451097,7.05E-05
74.39697164,31.34451097,7.27E-05
74.40696989,31.34451097,7.27E-05
74.41696814,31.34451097,7.27E-05
74.42696639,31.34451097,7.29E-05
74.43696464,31.34451097,7.33E-05
74.44696289,31.34451097,7.33E-05
74.45696114,31.34451097,
74.46695939,31.34451097,
74.47695764,31.34451097,
74.48695589,31.34451097,
74.49695414,31.34451097,
74.50695238,31.34451097,
74.51695063,31.34451097,
74.52694888,31.34451097,
74.53694713,31.34451097,
74.54694538,31.34451097,
74.55694363,31.34451097,
74.56694188,31.34451097,
74.57694013,31.34451097,
74.58693838,31.34451097,
74.59693663,31.34451097,
74.60693488,31.34451097,
74.61693312,31.34451097,
74.62693137,31.34451097,
74.63692962,31.34451097,
74.64692787,31.34451097,
73.99704168,31.33451272,
74.00703993,31.33451272,
74.01703818,31.33451272,0.000136138
74.02703643,31.33451272,0.000136775
74.03703468,31.33451272,0.000136775
74.04703293,31.33451272,0.000136776
74.05703117,31.33451272,0.000156886
74.06702942,31.33451272,0.000158398
74.07702767,31.33451272,0.000158398
74.08702592,31.33451272,0.000158398
74.09702417,31.33451272,0.000158398
74.10702242,31.33451272,0.000154511
74.11702067,31.33451272,0.00014354
74.12701892,31.33451272,0.000143542
74.13701717,31.33451272,0.000143948
74.14701542,31.33451272,0.000144769
74.15701367,31.33451272,0.000144923
74.16701191,31.33451272,0.000144923
74.17701016,31.33451272,0.000135807
74.18700841,31.33451272,0.000128763
74.19700666,31.33451272,0.000128763
74.20700491,31.33451272,0.000103209
74.21700316,31.33451272,9.49E-05
74.22700141,31.33451272,9.49E-05
74.23699966,31.33451272,9.49E-05
74.24699791,31.33451272,9.49E-05
74.25699616,31.33451272,9.49E-05
74.26699441,31.33451272,9.49E-05
74.27699265,31.33451272,9.49E-05
74.2869909,31.33451272,9.51E-05
74.29698915,31.33451272,9.50E-05
74.3069874,31.33451272,6.85E-05
74.31698565,31.33451272,6.79E-05
74.3269839,31.33451272,6.79E-05
74.33698215,31.33451272,6.79E-05
74.3469804,31.33451272,6.79E-05
74.35697865,31.33451272,6.79E-05
74.3669769,31.33451272,6.79E-05
74.37697515,31.33451272,6.79E-05
74.3869734,31.33451272,6.81E-05
74.39697164,31.33451272,7.26E-05
74.40696989,31.33451272,7.27E-05
74.41696814,31.33451272,7.27E-05
74.42696639,31.33451272,7.28E-05
74.43696464,31.33451272,7.34E-05
74.44696289,31.33451272,7.56E-05
74.45696114,31.33451272,
74.46695939,31.33451272,
74.47695764,31.33451272,
74.48695589,31.33451272,
74.49695414,31.33451272,
74.50695238,31.33451272,
74.51695063,31.33451272,
74.52694888,31.33451272,
74.53694713,31.33451272,
74.54694538,31.33451272,
74.55694363,31.33451272,
74.56694188,31.33451272,
74.57694013,31.33451272,
74.58693838,31.33451272,
74.59693663,31.33451272,
74.60693488,31.33451272,
74.61693312,31.33451272,
74.62693137,31.33451272,
74.63692962,31.33451272,
74.64692787,31.33451272,
73.99704168,31.32451447,
74.00703993,31.32451447,
74.01703818,31.32451447,
74.02703643,31.32451447,0.000136775
74.03703468,31.32451447,0.000136775
74.04703293,31.32451447,0.000136775
74.05703117,31.32451447,0.000153251
74.06702942,31.32451447,0.000158398
74.07702767,31.32451447,0.000158398
74.08702592,31.32451447,0.000158398
74.09702417,31.32451447,0.000158398
74.10702242,31.32451447,0.000158501
74.11702067,31.32451447,0.000148511
74.12701892,31.32451447,0.000144791
74.13701717,31.32451447,0.000144923
74.14701542,31.32451447,0.000144923
74.15701367,31.32451447,0.000144923
74.16701191,31.32451447,0.000144923
74.17701016,31.32451447,0.00013842
74.18700841,31.32451447,0.000128763
74.19700666,31.32451447,0.000128763
74.20700491,31.32451447,0.000118518
74.21700316,31.32451447,9.49E-05
74.22700141,31.32451447,9.49E-05
74.23699966,31.32451447,9.49E-05
74.24699791,31.32451447,9.49E-05
74.25699616,31.32451447,9.49E-05
74.26699441,31.32451447,9.52E-05
74.27699265,31.32451447,9.66E-05
74.2869909,31.32451447,9.74E-05
74.29698915,31.32451447,9.73E-05
74.3069874,31.32451447,7.24E-05
74.31698565,31.32451447,6.79E-05
74.3269839,31.32451447,6.79E-05
74.33698215,31.32451447,6.79E-05
74.3469804,31.32451447,6.79E-05
74.35697865,31.32451447,6.79E-05
74.3669769,31.32451447,6.79E-05
74.37697515,31.32451447,6.79E-05
74.3869734,31.32451447,6.79E-05
74.39697164,31.32451447,7.09E-05
74.40696989,31.32451447,7.27E-05
74.41696814,31.32451447,7.29E-05
74.42696639,31.32451447,7.52E-05
74.43696464,31.32451447,7.75E-05
74.44696289,31.32451447,7.76E-05
74.45696114,31.32451447,
74.46695939,31.32451447,
74.47695764,31.32451447,
74.48695589,31.32451447,
74.49695414,31.32451447,
74.50695238,31.32451447,
74.51695063,31.32451447,
74.52694888,31.32451447,
74.53694713,31.32451447,
74.54694538,31.32451447,
74.55694363,31.32451447,
74.56694188,31.32451447,
74.57694013,31.32451447,
74.58693838,31.32451447,
74.59693663,31.32451447,
74.60693488,31.32451447,
74.61693312,31.32451447,
74.62693137,31.32451447,
74.63692962,31.32451447,
74.64692787,31.32451447,
73.99704168,31.31451622,
74.00703993,31.31451622,
74.01703818,31.31451622,
74.02703643,31.31451622,0.000136446
74.03703468,31.31451622,0.000136775
74.04703293,31.31451622,0.000136775
74.05703117,31.31451622,0.000149726
74.06702942,31.31451622,0.000158398
74.07702767,31.31451622,0.000158398
74.08702592,31.31451622,0.000158612
74.09702417,31.31451622,0.000168469
74.10702242,31.31451622,0.000183841
74.11702067,31.31451622,0.000171373
74.12701892,31.31451622,0.000144923
74.13701717,31.31451622,0.000144923
74.14701542,31.31451622,0.000144923
74.15701367,31.31451622,0.000144923
74.16701191,31.31451622,0.000144923
74.17701016,31.31451622,0.000141033
74.18700841,31.31451622,0.000128763
74.19700666,31.31451622,0.000128763
74.20700491,31.31451622,0.000128654
74.21700316,31.31451622,9.95E-05
74.22700141,31.31451622,9.49E-05
74.23699966,31.31451622,9.49E-05
74.24699791,31.31451622,9.55E-05
74.25699616,31.31451622,9.67E-05
74.26699441,31.31451622,9.74E-05
74.27699265,31.31451622,9.74E-05
74.2869909,31.31451622,9.74E-05
74.29698915,31.31451622,9.74E-05
74.3069874,31.31451622,7.88E-05
74.31698565,31.31451622,6.79E-05
74.3269839,31.31451622,6.79E-05
74.33698215,31.31451622,6.79E-05
74.3469804,31.31451622,6.79E-05
74.35697865,31.31451622,6.79E-05
74.3669769,31.31451622,6.79E-05
74.37697515,31.31451622,6.79E-05
74.3869734,31.31451622,6.79E-05
74.39697164,31.31451622,6.89E-05
74.40696989,31.31451622,7.53E-05
74.41696814,31.31451622,7.70E-05
74.42696639,31.31451622,7.70E-05
74.43696464,31.31451622,7.75E-05
74.44696289,31.31451622,
74.45696114,31.31451622,
74.46695939,31.31451622,
74.47695764,31.31451622,
74.48695589,31.31451622,
74.49695414,31.31451622,
74.50695238,31.31451622,
74.51695063,31.31451622,
74.52694888,31.31451622,
74.53694713,31.31451622,
74.54694538,31.31451622,
74.55694363,31.31451622,
74.56694188,31.31451622,
74.57694013,31.31451622,
74.58693838,31.31451622,
74.59693663,31.31451622,
74.60693488,31.31451622,
74.61693312,31.31451622,
74.62693137,31.31451622,
74.63692962,31.31451622,
74.64692787,31.31451622,
73.99704168,31.30451797,
74.00703993,31.30451797,
74.01703818,31.30451797,
74.02703643,31.30451797,
74.03703468,31.30451797,
74.04703293,31.30451797,0.000139444
74.05703117,31.30451797,0.000148303
74.06702942,31.30451797,0.000160086
74.07702767,31.30451797,0.000170727
74.08702592,31.30451797,0.00018554
74.09702417,31.30451797,0.000187409
74.10702242,31.30451797,0.000187409
74.11702067,31.30451797,0.00018702
74.12701892,31.30451797,0.000148617
74.13701717,31.30451797,0.000146261
74.14701542,31.30451797,0.00014626
74.15701367,31.30451797,0.00014626
74.16701191,31.30451797,0.000146259
74.17701016,31.30451797,0.000144889
74.18700841,31.30451797,0.000128473
74.19700666,31.30451797,0.000128473
74.20700491,31.30451797,0.000128473
74.21700316,31.30451797,0.000114984
74.22700141,31.30451797,9.53E-05
74.23699966,31.30451797,9.68E-05
74.24699791,31.30451797,9.71E-05
74.25699616,31.30451797,9.71E-05
74.26699441,31.30451797,9.71E-05
74.27699265,31.30451797,9.71E-05
74.2869909,31.30451797,9.71E-05
74.29698915,31.30451797,9.71E-05
74.3069874,31.30451797,8.38E-05
74.31698565,31.30451797,6.62E-05
74.3269839,31.30451797,6.61E-05
74.33698215,31.30451797,6.61E-05
74.3469804,31.30451797,6.61E-05
74.35697865,31.30451797,6.61E-05
74.3669769,31.30451797,6.61E-05
74.37697515,31.30451797,6.62E-05
74.3869734,31.30451797,6.67E-05
74.39697164,31.30451797,6.70E-05
74.40696989,31.30451797,7.31E-05
74.41696814,31.30451797,7.53E-05
74.42696639,31.30451797,7.53E-05
74.43696464,31.30451797,7.40E-05
74.44696289,31.30451797,
74.45696114,31.30451797,
74.46695939,31.30451797,
74.47695764,31.30451797,
74.48695589,31.30451797,
74.49695414,31.30451797,
74.50695238,31.30451797,
74.51695063,31.30451797,
74.52694888,31.30451797,
74.53694713,31.30451797,
74.54694538,31.30451797,
74.55694363,31.30451797,
74.56694188,31.30451797,
74.57694013,31.30451797,
74.58693838,31.30451797,
74.59693663,31.30451797,
74.60693488,31.30451797,
74.61693312,31.30451797,
74.62693137,31.30451797,
74.63692962,31.30451797,
74.64692787,31.30451797,
73.99704168,31.29451972,
74.00703993,31.29451972,
74.01703818,31.29451972,
74.02703643,31.29451972,
74.03703468,31.29451972,
74.04703293,31.29451972,
74.05703117,31.29451972,0.00015741
74.06702942,31.29451972,0.000186199
74.07702767,31.29451972,0.000187743
74.08702592,31.29451972,0.000187743
74.09702417,31.29451972,0.000187743
74.10702242,31.29451972,0.000187743
74.11702067,31.29451972,0.000187743
74.12701892,31.29451972,0.000169162
74.13701717,31.29451972,0.000146597
74.14701542,31.29451972,0.000146597
74.15701367,31.29451972,0.000146597
74.16701191,31.29451972,0.000146597
74.17701016,31.29451972,0.000146597
74.18700841,31.29451972,0.000129945
74.19700666,31.29451972,0.000128277
74.20700491,31.29451972,0.000119683
74.21700316,31.29451972,0.000107078
74.22700141,31.29451972,9.72E-05
74.23699966,31.29451972,9.70E-05
74.24699791,31.29451972,9.70E-05
74.25699616,31.29451972,9.70E-05
74.26699441,31.29451972,9.70E-05
74.27699265,31.29451972,9.70E-05
74.2869909,31.29451972,9.70E-05
74.29698915,31.29451972,9.70E-05
74.3069874,31.29451972,8.79E-05
74.31698565,31.29451972,6.77E-05
74.3269839,31.29451972,6.55E-05
74.33698215,31.29451972,6.55E-05
74.3469804,31.29451972,6.55E-05
74.35697865,31.29451972,6.56E-05
74.3669769,31.29451972,6.61E-05
74.37697515,31.29451972,6.64E-05
74.3869734,31.29451972,
74.39697164,31.29451972,
74.40696989,31.29451972,
74.41696814,31.29451972,
74.42696639,31.29451972,7.47E-05
74.43696464,31.29451972,7.31E-05
74.44696289,31.29451972,
74.45696114,31.29451972,
74.46695939,31.29451972,
74.47695764,31.29451972,
74.48695589,31.29451972,
74.49695414,31.29451972,
74.50695238,31.29451972,
74.51695063,31.29451972,
74.52694888,31.29451972,
74.53694713,31.29451972,
74.54694538,31.29451972,
74.55694363,31.29451972,
74.56694188,31.29451972,
74.57694013,31.29451972,
74.58693838,31.29451972,
74.59693663,31.29451972,
74.60693488,31.29451972,
74.61693312,31.29451972,
74.62693137,31.29451972,
74.63692962,31.29451972,
74.64692787,31.29451972,
73.99704168,31.28452147,
74.00703993,31.28452147,
74.01703818,31.28452147,
74.02703643,31.28452147,
74.03703468,31.28452147,
74.04703293,31.28452147,
74.05703117,31.28452147,0.000169886
74.06702942,31.28452147,0.000187743
74.07702767,31.28452147,0.000187743
74.08702592,31.28452147,0.000187743
74.09702417,31.28452147,0.000187743
74.10702242,31.28452147,0.000187743
74.11702067,31.28452147,0.000187743
74.12701892,31.28452147,0.000186591
74.13701717,31.28452147,
74.14701542,31.28452147,
74.15701367,31.28452147,0.000146597
74.16701191,31.28452147,0.000146597
74.17701016,31.28452147,
74.18700841,31.28452147,
74.19700666,31.28452147,0.000104481
74.20700491,31.28452147,0.000102463
74.21700316,31.28452147,0.000102463
74.22700141,31.28452147,9.98E-05
74.23699966,31.28452147,9.70E-05
74.24699791,31.28452147,9.70E-05
74.25699616,31.28452147,9.70E-05
74.26699441,31.28452147,
74.27699265,31.28452147,
74.2869909,31.28452147,
74.29698915,31.28452147,
74.3069874,31.28452147,9.22E-05
74.31698565,31.28452147,7.01E-05
74.3269839,31.28452147,6.56E-05
74.33698215,31.28452147,
74.3469804,31.28452147,6.62E-05
74.35697865,31.28452147,6.64E-05
74.3669769,31.28452147,
74.37697515,31.28452147,
74.3869734,31.28452147,
74.39697164,31.28452147,
74.40696989,31.28452147,
74.41696814,31.28452147,
74.42696639,31.28452147,
74.43696464,31.28452147,
74.44696289,31.28452147,
74.45696114,31.28452147,
74.46695939,31.28452147,
74.47695764,31.28452147,
74.48695589,31.28452147,
74.49695414,31.28452147,
74.50695238,31.28452147,
74.51695063,31.28452147,
74.52694888,31.28452147,
74.53694713,31.28452147,
74.54694538,31.28452147,
74.55694363,31.28452147,
74.56694188,31.28452147,
74.57694013,31.28452147,
74.58693838,31.28452147,
74.59693663,31.28452147,
74.60693488,31.28452147,
74.61693312,31.28452147,
74.62693137,31.28452147,
74.63692962,31.28452147,
74.64692787,31.28452147,
73.99704168,31.27452322,
74.00703993,31.27452322,
74.01703818,31.27452322,
74.02703643,31.27452322,
74.03703468,31.27452322,
74.04703293,31.27452322,
74.05703117,31.27452322,
74.06702942,31.27452322,0.000186597
74.07702767,31.27452322,
74.08702592,31.27452322,
74.09702417,31.27452322,
74.10702242,31.27452322,0.000187743
74.11702067,31.27452322,0.000187743
74.12701892,31.27452322,0.000187743
74.13701717,31.27452322,
74.14701542,31.27452322,
74.15701367,31.27452322,
74.16701191,31.27452322,
74.17701016,31.27452322,
74.18700841,31.27452322,
74.19700666,31.27452322,
74.20700491,31.27452322,0.000102463
74.21700316,31.27452322,0.000102463
74.22700141,31.27452322,0.000102251
74.23699966,31.27452322,9.71E-05
74.24699791,31.27452322,9.70E-05
74.25699616,31.27452322,
74.26699441,31.27452322,
74.27699265,31.27452322,
74.2869909,31.27452322,
74.29698915,31.27452322,
74.3069874,31.27452322,
74.31698565,31.27452322,
74.3269839,31.27452322,
74.33698215,31.27452322,
74.3469804,31.27452322,
74.35697865,31.27452322,
74.3669769,31.27452322,
74.37697515,31.27452322,
74.3869734,31.27452322,
74.39697164,31.27452322,
74.40696989,31.27452322,
74.41696814,31.27452322,
74.42696639,31.27452322,
74.43696464,31.27452322,
74.44696289,31.27452322,
74.45696114,31.27452322,
74.46695939,31.27452322,
74.47695764,31.27452322,
74.48695589,31.27452322,
74.49695414,31.27452322,
74.50695238,31.27452322,
74.51695063,31.27452322,
74.52694888,31.27452322,
74.53694713,31.27452322,
74.54694538,31.27452322,
74.55694363,31.27452322,
74.56694188,31.27452322,
74.57694013,31.27452322,
74.58693838,31.27452322,
74.59693663,31.27452322,
74.60693488,31.27452322,
74.61693312,31.27452322,
74.62693137,31.27452322,
74.63692962,31.27452322,
74.64692787,31.27452322,
73.99704168,31.26452497,
74.00703993,31.26452497,
74.01703818,31.26452497,
74.02703643,31.26452497,
74.03703468,31.26452497,
74.04703293,31.26452497,
74.05703117,31.26452497,
74.06702942,31.26452497,
74.07702767,31.26452497,
74.08702592,31.26452497,
74.09702417,31.26452497,
74.10702242,31.26452497,
74.11702067,31.26452497,
74.12701892,31.26452497,
74.13701717,31.26452497,
74.14701542,31.26452497,
74.15701367,31.26452497,
74.16701191,31.26452497,
74.17701016,31.26452497,
74.18700841,31.26452497,
74.19700666,31.26452497,
74.20700491,31.26452497,0.000102463
74.21700316,31.26452497,0.000102463
74.22700141,31.26452497,0.000102463
74.23699966,31.26452497,
74.24699791,31.26452497,
74.25699616,31.26452497,
74.26699441,31.26452497,
74.27699265,31.26452497,
74.2869909,31.26452497,
74.29698915,31.26452497,
74.3069874,31.26452497,
74.31698565,31.26452497,
74.3269839,31.26452497,
74.33698215,31.26452497,
74.3469804,31.26452497,
74.35697865,31.26452497,
74.3669769,31.26452497,
74.37697515,31.26452497,
74.3869734,31.26452497,
74.39697164,31.26452497,
74.40696989,31.26452497,
74.41696814,31.26452497,
74.42696639,31.26452497,
74.43696464,31.26452497,
74.44696289,31.26452497,
74.45696114,31.26452497,
74.46695939,31.26452497,
74.47695764,31.26452497,
74.48695589,31.26452497,
74.49695414,31.26452497,
74.50695238,31.26452497,
74.51695063,31.26452497,
74.52694888,31.26452497,
74.53694713,31.26452497,
74.54694538,31.26452497,
74.55694363,31.26452497,
74.56694188,31.26452497,
74.57694013,31.26452497,
74.58693838,31.26452497,
74.59693663,31.26452497,
74.60693488,31.26452497,
74.61693312,31.26452497,
74.62693137,31.26452497,
74.63692962,31.26452497,
74.64692787,31.26452497,
73.99704168,31.25452672,
74.00703993,31.25452672,
74.01703818,31.25452672,
74.02703643,31.25452672,
74.03703468,31.25452672,
74.04703293,31.25452672,
74.05703117,31.25452672,
74.06702942,31.25452672,
74.07702767,31.25452672,
74.08702592,31.25452672,
74.09702417,31.25452672,
74.10702242,31.25452672,
74.11702067,31.25452672,
74.12701892,31.25452672,
74.13701717,31.25452672,
74.14701542,31.25452672,
74.15701367,31.25452672,
74.16701191,31.25452672,
74.17701016,31.25452672,
74.18700841,31.25452672,
74.19700666,31.25452672,
74.20700491,31.25452672,
74.21700316,31.25452672,
74.22700141,31.25452672,
74.23699966,31.25452672,
74.24699791,31.25452672,
74.25699616,31.25452672,
74.26699441,31.25452672,
74.27699265,31.25452672,
74.2869909,31.25452672,
74.29698915,31.25452672,
74.3069874,31.25452672,
74.31698565,31.25452672,
74.3269839,31.25452672,
74.33698215,31.25452672,
74.3469804,31.25452672,
74.35697865,31.25452672,
74.3669769,31.25452672,
74.37697515,31.25452672,
74.3869734,31.25452672,
74.39697164,31.25452672,
74.40696989,31.25452672,
74.41696814,31.25452672,
74.42696639,31.25452672,
74.43696464,31.25452672,
74.44696289,31.25452672,
74.45696114,31.25452672,
74.46695939,31.25452672,
74.47695764,31.25452672,
74.48695589,31.25452672,
74.49695414,31.25452672,
74.50695238,31.25452672,
74.51695063,31.25452672,
74.52694888,31.25452672,
74.53694713,31.25452672,
74.54694538,31.25452672,
74.55694363,31.25452672,
74.56694188,31.25452672,
74.57694013,31.25452672,
74.58693838,31.25452672,
74.59693663,31.25452672,
74.60693488,31.25452672,
74.61693312,31.25452672,
74.62693137,31.25452672,
74.63692962,31.25452672,
74.64692787,31.25452672,
